epoch,train_loss,val_loss,val_acc,val_auroc
0,0.6956839618637338,0.7161725179085787,0.6031216851038036,0.6169078517010216
1,0.6636625588400867,0.690444377466194,0.6302470071222912,0.6271096159237455
2,0.6486415928883126,0.6995298383018793,0.632368540687983,0.6424399588823475
3,0.6360478789485897,0.698398599915115,0.63464161236551,0.6491820734904263
4,0.629160948198191,0.6876684848711985,0.6460069707531444,0.6472886818251122
5,0.623113505559214,0.6980711151784361,0.6444915896347931,0.6508349563985658
6,0.6204278359703628,0.699880767327436,0.6437338990756175,0.6532237518382443
7,0.615817487655327,0.7042987336171614,0.6435823609637824,0.6549105100851371
8,0.6145217122860362,0.7034770643590056,0.6438854371874526,0.6571952203188094
9,0.6110203756511455,0.6871448880453004,0.653886952568571,0.6532069063884831
10,0.6094481439315147,0.7086852620381048,0.6426731322927717,0.6603450735051816
11,0.6066799216567431,0.7022614968258389,0.6454008183058039,0.6599951308043025
12,0.6058847543361928,0.6936111854845727,0.6493408092135172,0.6594130405913861
13,0.6050581468436046,0.6892876530401741,0.6522200333383846,0.6590867061120701
14,0.60375202021864,0.6914564682725958,0.6520684952265495,0.660564802109001
15,0.6022679444912221,0.6985144201129255,0.6479769662070011,0.6627804705905498
16,0.602432425942705,0.6883376494811003,0.6508561903318685,0.6619571953432783
17,0.601031559301987,0.6875983647350687,0.6531292620093954,0.662030479197714
18,0.6004458702970841,0.6912467113713963,0.6490377329898469,0.6634030759545345
19,0.5995958990302117,0.686255874552859,0.6549477193514169,0.6632724929790134
20,0.5987712079005668,0.6866889025229616,0.6504015759963631,0.6639330313448325
21,0.5987828842147334,0.6787047197573437,0.6555538717987573,0.6629360143419947
22,0.597619917685741,0.6879387682252697,0.6482800424306713,0.6653208135983355
23,0.5961131042089403,0.6745778728496091,0.65858463403546,0.6630748970829091
24,0.5966156567790541,0.6808546574698522,0.6525231095620548,0.6648189544508876
25,0.5960511650564382,0.6807552059593842,0.6541900287922412,0.6648825859855695
26,0.596249302529371,0.6712746467711728,0.6587361721472951,0.6634162326196764
27,0.5964189740559751,0.6757837912046036,0.6564631004697682,0.6647027577353812
