epoch,train_loss,val_loss,val_acc,val_auroc
0,0.6853556553510702,0.6463423542659162,0.6879830277314745,0.5318175638974147
1,0.6569636163973125,0.6363502811131866,0.6373692983785422,0.4679082003730781
2,0.6429053943958187,0.6236901778238328,0.6375208364903774,0.5044398274900554
3,0.6350090961363085,0.6189908245726595,0.629943930898621,0.4902296665469823
4,0.6288000660730972,0.6136601299639091,0.6291862403394454,0.5061207945706027
5,0.6245806202651479,0.6108447400200167,0.6252462494317321,0.5158620394480262
