epoch,train_loss,val_loss,val_acc,val_auroc
0,0.6988611607357198,0.6952870925785394,0.5478102742839824,0.6763558685348483
1,0.6514199329318558,0.6677948936835837,0.6416123655099257,0.6815161030846695
2,0.6274133069729476,0.6613773924597358,0.6517654190028792,0.6873637495657874
3,0.6123924858462795,0.6465477131951811,0.6576754053644491,0.6743972667398336
4,0.6003150546671785,0.6569309665282796,0.6582815578117897,0.6925015377762083
5,0.5916207172885449,0.66081283345044,0.659948477041976,0.6943539666547799
6,0.5852939087814554,0.660995026721541,0.6587361721472951,0.6929173432304956
7,0.5809105558636731,0.6701768429139506,0.6569177148052735,0.6960245744139428
8,0.577620803009183,0.6702629374923047,0.6596454008183058,0.6900859885217845
9,0.5758479211181922,0.6653231386524888,0.6675253826337324,0.682948860429931
10,0.5738119215590608,0.6698765992431825,0.664646158508865,0.6859571892336046
11,0.5716847571247833,0.6717124577091759,0.6657069252917108,0.6848956331771899
12,0.5704272117898724,0.6721245328808105,0.6628277011668434,0.685493432858902
