epoch,train_loss,val_loss,val_acc,val_auroc
0,0.7344132107321937,0.6761391898830256,0.6652523109562055,0.6634350191213652
1,0.7022181296008955,0.6613562049640275,0.7157145021973026,0.6612235157119667
2,0.6806745393779499,0.6509111881039327,0.7313229277163207,0.6570764810628607
3,0.6763092009095211,0.6391923791405866,0.7432944385512956,0.6510995884484085
4,0.6642326706556646,0.6364189421955356,0.74253674799212,0.6543532868908455
5,0.658896875356179,0.6264812922112815,0.7482951962418548,0.6491960646050972
