epoch,train_loss,val_loss,val_acc,val_auroc
0,0.6719723277641871,0.6084555995737103,0.752083649037733,0.6759075634985172
1,0.6272660897326914,0.5821568315219546,0.7548113350507653,0.6783344422032365
2,0.6145977628539956,0.5698049365796723,0.7516290347022276,0.680550861926336
3,0.6070749137704707,0.5633351764889951,0.7501136535838764,0.6817645212925653
4,0.6027231887897446,0.5562139997556004,0.7495075011365359,0.6815035219820258
5,0.5999810720035607,0.5566358755602766,0.7442036672223065,0.6831548832266958
6,0.5971591652279677,0.5545496737564996,0.7410213668737687,0.6828343544491331
7,0.5950453343364682,0.5531824548093817,0.7402636763145931,0.6830846045106111
8,0.5935150654609681,0.5487509720396645,0.7408698287619336,0.6826832363512196
9,0.591668537474524,0.5444970822439065,0.7410213668737687,0.6817635155148752
10,0.5902383054977367,0.5464416055322362,0.7351113805121988,0.6827364168465752
