epoch,train_loss,val_loss,val_acc,val_auroc
0,0.7320977093089908,0.6998274621502488,0.5120472798908926,0.3309634081750144
1,0.6736074119630159,0.6546469276683731,0.590392483709653,0.5469891537132988
2,0.6534625194906953,0.6451954154430655,0.5465979693893014,0.6406423949337939
3,0.6394558958093909,0.6412895909040728,0.5179572662524625,0.6911455152561888
4,0.6294703247204281,0.6229499068869336,0.5347779966661615,0.752672930339666
5,0.6216746560821643,0.6336935095072407,0.5014396120624337,0.7535889004029936
6,0.6159565973993611,0.6214282918399094,0.5046219124109713,0.8109330569948187
7,0.6107333446202955,0.627799356538322,0.4923473253523261,0.8167294876223373
8,0.6075953500598538,0.6152223314475175,0.5009849977269283,0.8437979965457685
9,0.60495081239983,0.6277667128113043,0.48204273374753753,0.8396478526194587
10,0.6034991144953324,0.6249900305699283,0.4824973480830429,0.847842394933794
11,0.6011199650032482,0.6249071963177719,0.47946658584634033,0.8541636845135292
12,0.5997752169891458,0.6157925428450334,0.4824973480830429,0.8650687852619459
13,0.5990144591075685,0.6109195587255319,0.48416426731322926,0.8718992285549798
14,0.5979409359010499,0.6228744835180845,0.4764358236096378,0.8669907196315485
15,0.596098375656439,0.623050449797377,0.4758296711622973,0.8695473575129533
16,0.5943185523217837,0.6201037554185234,0.4765873617214729,0.8724905929763962
17,0.5945272295199338,0.6258376772285573,0.4746173662676163,0.8704680713874497
18,0.5937019911096356,0.6154125865110215,0.4767388998333081,0.877524835924007
19,0.5928381452200575,0.6237275964257428,0.4746173662676163,0.8753505584340819
20,0.5921936167661196,0.6229265654948756,0.4746173662676163,0.8758762924582615
21,0.5916257221096483,0.6132473761357219,0.4765873617214729,0.8827802878526194
22,0.5917096208633663,0.6255150748881666,0.47416275193211094,0.8772030857800804
23,0.5906823687452966,0.6189376985977989,0.47492044249128657,0.8802827403569372
24,0.5902645730271378,0.6221641844593226,0.4747689043794514,0.8806865169833045
25,0.5906339032954565,0.622638756153276,0.4747689043794514,0.8819252964881981
26,0.5887500699369596,0.6224358470932356,0.4747689043794514,0.882352101324122
