epoch,train_loss,val_loss,val_acc,val_auroc
0,0.7134160582703846,0.6995007335317733,0.4147598120927413,0.6703805141198464
1,0.6965857160544825,0.6891898710017025,0.48583118654341567,0.695862721516439
2,0.6918320070976451,0.6794605142402909,0.5825125018942264,0.7032993639295271
3,0.6905814318119314,0.6724619003367579,0.6340354599181695,0.7119246145326571
4,0.6808520889965074,0.6657894416042559,0.6634338536141839,0.7173485055815909
5,0.6775085360538889,0.6615044341916152,0.6714653735414456,0.7285982446936909
6,0.6727659375780657,0.6554644926151808,0.6854068798302773,0.7262634803428141
7,0.6706423704995226,0.6518637791133718,0.688589180178815,0.7327859696092098
8,0.6664523071349615,0.6486156525476753,0.6914684043036824,0.7360998537860693
9,0.6648932377810477,0.6469067259798774,0.6916199424155175,0.7431007428959229
10,0.6639180660229738,0.641441408802766,0.7011668434611305,0.7384955000849042
11,0.6584764257996962,0.6373649327786407,0.7051068343688438,0.7363099256831761
12,0.6561769244616312,0.6352851302321345,0.705409910592514,0.7422725636182317
13,0.6536088380005743,0.6311093344979619,0.7066222154871951,0.7383327429924003
14,0.6526448879210872,0.6308439832543727,0.7057129868161842,0.7466027192250992
15,0.6536431284921966,0.6269865629979744,0.7082891347173814,0.7430312538355142
16,0.6529010231159983,0.6251593432402607,0.7088952871647219,0.7439564941101092
17,0.6453731275630875,0.6221736278438553,0.7052583724806789,0.7411537362551222
18,0.6471021076118717,0.6202452131104589,0.7032883770268222,0.738889579402995
19,0.6433577732003661,0.6185842353045028,0.7067737535990302,0.7433459240313885
