epoch,train_loss,val_loss,val_acc,val_auroc
0,0.7290322463000707,0.7301538325490545,0.535232611001667,0.5722613189762598
1,0.6858099349286814,0.6963822338360334,0.6147901197151083,0.5537087483582587
2,0.6715988342031094,0.6971192895363526,0.6170631913926352,0.5915392723028775
3,0.6616714999080457,0.6873888159397967,0.6281254735565995,0.5905840773371587
4,0.6543976078944151,0.6723447690716041,0.6408546749507501,0.5904676734612196
5,0.6462589311781584,0.6570446640456296,0.6540384906804061,0.5878794608697991
6,0.638244685819247,0.6597292628825153,0.6490377329898469,0.6192107596490668
7,0.6347250891657931,0.6412739945209501,0.6616153962721625,0.5908463145113959
8,0.6270289796316522,0.6457070346166914,0.6582815578117897,0.629683167043083
9,0.624824302253226,0.6443901726794543,0.6567661766934384,0.636569441664999
10,0.6192311950179611,0.6342519120495145,0.6623730868313381,0.6336229258563542
11,0.6157013089535074,0.619155703430592,0.6620700106076678,0.6200691528362396
12,0.6112856458803496,0.6203098716221356,0.6638884679496894,0.6389212729318263
13,0.6070390671270329,0.6116595868721824,0.6647976966207001,0.6338847426102721
14,0.603714903818933,0.6072198214865504,0.667070768298227,0.6366186833949109
15,0.6017147596601272,0.6002060366609021,0.6690407637520837,0.6336791570740763
16,0.5991695850234011,0.5944244898093579,0.6723746022124565,0.6280370638349396
17,0.5943927147981344,0.5915844370007678,0.6740415214426428,0.6290152768131467
