epoch,train_loss,val_loss,val_acc,val_auroc
0,0.6916979646590444,0.619748482759802,0.6920745567510229,0.42283662109725617
1,0.6468130197859912,0.6031175172045332,0.6882861039551447,0.4717973298155689
2,0.6300194525520305,0.5948765363489467,0.6876799515078043,0.5171775874089717
3,0.6215900783738253,0.5898279189196368,0.6882861039551447,0.5361268308581495
4,0.615622301932269,0.5887239620638248,0.6870737990604637,0.5373903108263915
5,0.6110246246053098,0.5824834491506022,0.6852553417184422,0.5797633270048258
6,0.6089885691632829,0.5799419231388782,0.6867707228367934,0.5847644137652885
7,0.6069477505506798,0.5783701036929867,0.6844976511592665,0.5876035351640643
8,0.6039538685986348,0.5825713785295505,0.6882861039551447,0.5665030219680405
9,0.6015646067859434,0.5787851721215455,0.6891953326261555,0.585023419634225
10,0.6009093753991561,0.5739172021987529,0.6882861039551447,0.607115185214726
11,0.5996417286572109,0.5729623139311029,0.6881345658433096,0.6169840129043936
12,0.597385660873748,0.5697788285349225,0.685103803606607,0.6329211239790526
13,0.5970928168138829,0.5703039549393877,0.6893468707379906,0.6249486986715295
14,0.5964882504582186,0.56851603482994,0.6884376420669799,0.6328824262771156
15,0.595262849924904,0.5677025984735051,0.6881345658433096,0.6384737604857336
16,0.5958501149191819,0.5660542110761633,0.6893468707379906,0.6470081624202747
17,0.5950958950600788,0.5666717388247302,0.689801485073496,0.6455594172040093
18,0.5941359524599494,0.5644524544364558,0.6891953326261555,0.6533412025826847
19,0.5933359827289001,0.565274995427219,0.689801485073496,0.6517340117757108
20,0.5933871738145945,0.563633556455568,0.6887407182906501,0.6586944384307738
21,0.5921303553444865,0.563319427494859,0.6896499469616608,0.65956040700523
22,0.5921174130443831,0.5615311605421986,0.6882861039551447,0.6670801766937071
23,0.591438310038009,0.5639040710384474,0.689801485073496,0.6561953193409609
24,0.5910418341956936,0.5622376235150301,0.691013789968177,0.6604883993964019
25,0.5912059876734171,0.561887013585229,0.691013789968177,0.6615827381590944
26,0.5901066512815777,0.5617972759969995,0.6901045612971662,0.6636850445636286
27,0.5896572987456438,0.5607893496214359,0.6904076375208364,0.6669705869516938
