epoch,train_loss,val_loss,val_acc,val_auroc
0,0.7098379185080872,0.5755105363291165,0.7649643885437187,0.8242684072110653
1,0.6536811198189613,0.5759446707290671,0.7948173965752386,0.8240129043451419
2,0.6371349630111599,0.5596114642910207,0.8010304591604789,0.8386413067601759
3,0.6230928978878073,0.5436155385981185,0.7919381724503712,0.8483767072739259
4,0.6161066521512937,0.5423809351533051,0.7996666161539627,0.8432396676740667
5,0.6101967048637794,0.5497890876484451,0.8117896651007729,0.8437014514625594
6,0.6048312073838514,0.546641171023708,0.8151235035611456,0.8451233624379753
7,0.6009748986696254,0.5414046050382575,0.8137596605546294,0.8438969118456635
8,0.5972117728980351,0.5615961924884009,0.8189119563570237,0.8279226645454112
