epoch,train_loss,val_loss,val_acc,val_auroc
0,0.5139574034636012,0.5029094746337188,0.8136081224427943,0.8916983765112262
1,0.4786619130301284,0.5001138894372609,0.8266404000606152,0.8942849510650547
2,0.4758436317099895,0.49498377078987466,0.8364903773298985,0.8925751065054692
3,0.4625243838943664,0.49153715741509724,0.8401272920139415,0.8922969257340241
4,0.46154260739248293,0.4873771314856536,0.8437642066979846,0.8903804260218768
5,0.45894016416926586,0.48488414618152076,0.8457342021518411,0.8907821761658031
6,0.4484734252458776,0.4823906602670178,0.8470980451583573,0.8911731951640759
