epoch,train_loss,val_loss,val_acc,val_auroc
0,0.6706796173595136,0.587297541604907,0.7216244885588725,0.7700914159105364
1,0.6215293776275559,0.5467445407063334,0.7214729504470374,0.773579819689267
2,0.6049267248613109,0.5341410861627354,0.7296560084861342,0.7777794604636136
3,0.5988533533561586,0.530850193828936,0.7235944840127292,0.7794987406321776
4,0.5951052803374555,0.527055622718789,0.726928322473102,0.779418755876331
5,0.5931297091835906,0.5246244841840235,0.7301106228216396,0.7799410092821526
6,0.5915045023347851,0.5232858474299047,0.728140627367783,0.7812866351746296
7,0.5898509785500919,0.5216079309575936,0.7301106228216396,0.7817418915453761
8,0.5890555457773977,0.5218922776477881,0.7372329140778906,0.7839780830006517
9,0.5879763690964325,0.5188681320234363,0.7343536899530232,0.7842103916665295
10,0.5869735551523537,0.5182553514023047,0.7345052280648583,0.7848644336804829
11,0.5865579669607749,0.5172405089730836,0.7346567661766934,0.7849849009169233
12,0.5859634430155585,0.5173067560266736,0.7319290801636612,0.7855794444666624
13,0.5851594713356413,0.5165995658392399,0.7301106228216396,0.7862887210515955
14,0.5844762553956501,0.5154292359101373,0.7358690710713744,0.7875174084468608
