epoch,train_loss,val_loss,val_acc,val_auroc
0,0.7647117454638209,0.6953110270724908,0.45537202606455524,0.45668175129955035
1,0.7322714403282966,0.6905596496517287,0.518563418699803,0.5454731475007971
2,0.7199813029426104,0.6771205896896961,0.6350962267010153,0.4984497053767404
3,0.7007211843193037,0.6774821506158604,0.6554023336869222,0.5884998932277117
4,0.7039102036621665,0.6731251686120471,0.6848007273829368,0.6109774101040714
5,0.6922716038446387,0.6642669571369123,0.7011668434611305,0.6032608451879826
6,0.6887505577809704,0.6733973966003963,0.6978330050007577,0.6851475846548233
7,0.6821768488607943,0.6554087410372014,0.7128352780724352,0.6075165253274595
8,0.6745726327441609,0.6557222942381776,0.7172298833156538,0.6554229108953564
9,0.6746204033875614,0.652770471204355,0.7187452644340051,0.6715329477829879
10,0.6728365881585012,0.6478149673038766,0.7217760266707077,0.6546117827851868
11,0.6651145292152183,0.642436844198103,0.7213214123352023,0.640616275997102
