epoch,train_loss,val_loss,val_acc,val_auroc
0,0.584761463452296,0.5913726337246145,0.6020609183209578,0.8157483604810691
1,0.5616927040600563,0.5815014516174621,0.6697984543112593,0.8260817914908751
2,0.5506155244472045,0.5692032896256624,0.7143506591907864,0.8165243082728411
3,0.5421496642902234,0.5674952047307268,0.7207152598878618,0.822934257717439
4,0.5344417377987998,0.5643079352750979,0.7290498560387938,0.8263009189262562
5,0.5290875427288293,0.5614535497488227,0.7349598424003637,0.8292596227748137
6,0.5261857019651838,0.5541993967961825,0.7439005909986361,0.8258740831779934
7,0.522577010324316,0.5496296727272539,0.749659039248371,0.8236753956035272
8,0.5201439237049049,0.5454191845788218,0.755720563721776,0.8228584678963342
9,0.5110299172302434,0.5418141066332552,0.7605697833005001,0.8231581738170941
10,0.5103581232507223,0.5414247254130153,0.7596605546294893,0.8299491904302596
11,0.5099504265636725,0.5382057302087379,0.7646613123200485,0.8306663849949782
12,0.5067522057955474,0.5340630059748784,0.7699651462342779,0.827366765085996
13,0.5041285092983486,0.5301803494063376,0.7749659039248371,0.823865791053265
14,0.5049264592137331,0.5285803986636233,0.7754205182603425,0.8251882451552991
15,0.5030533247580039,0.5267893222809416,0.7770874374905289,0.8263829248019473
16,0.4999336048335194,0.5266927322269769,0.7758751325958478,0.8308826116048859
17,0.4986552475600337,0.5253766576238321,0.7767843612668586,0.831493166299812
18,0.4942380952815212,0.5242962074886761,0.7775420518260342,0.8326554303729136
19,0.49643384913528193,0.5208537007375348,0.7820881951810881,0.8294706923616568
20,0.4939564342190956,0.5168685034416466,0.7890589483255038,0.8220082497634675
21,0.49453227842264164,0.5170176888003568,0.7849674193059555,0.82859123574981
22,0.4922974669476281,0.5150484043750858,0.7873920290953175,0.8282178120261409
23,0.49191737371893574,0.5140845351805198,0.7872404909834824,0.8294717974380278
