epoch,train_loss,val_loss,val_acc,val_auroc
0,0.6987489198668821,0.6819699341319767,0.5806940445522049,0.6480891019915235
1,0.6487161887789428,0.6211472933428597,0.6069101378996817,0.6458021122911402
2,0.6325322686348069,0.5826023308178352,0.6702530686467647,0.643373370547887
3,0.6217094235113636,0.5910668983696482,0.6200939536293377,0.6442251208142138
4,0.6162480194530613,0.5497672029978796,0.7298075465979694,0.6429050936027736
5,0.6113477244415434,0.529707492273998,0.7766328231550235,0.6428691913386406
