epoch,train_loss,val_loss,val_acc,val_auroc
0,0.6559326651312387,0.6095307961903408,0.6763145931201697,0.6272541330281833
1,0.620526697767173,0.592585454259538,0.6738899833308077,0.6860203664532507
2,0.6098759302538226,0.588079052199774,0.671768449765116,0.6977627584554617
3,0.60514036471032,0.581170438329168,0.6744961357781482,0.6966193389886967
4,0.6012408364951016,0.5763252213211164,0.6691923018639188,0.6902274229427854
5,0.5984353320371216,0.5744621241015003,0.6740415214426428,0.700087951302089
6,0.5969218900120968,0.572966917696677,0.6729807546597969,0.7001792125994181
7,0.5954388811198779,0.5713283991448752,0.6697984543112593,0.696730407717858
8,0.593522068851126,0.5695870138331062,0.6705561448704349,0.6995860929761901
9,0.5926471434875834,0.5687538386294473,0.6679799969692377,0.700255027252294
10,0.5917216097426072,0.5674257308791164,0.6675253826337324,0.7045251838098151
11,0.5909500213967889,0.565611074938704,0.6667676920745568,0.7046853245318984
12,0.5896387025489137,0.565873565881934,0.6713138354296105,0.704364360072841
13,0.5892095649862679,0.5651634471816427,0.6697984543112593,0.7032892946347604
14,0.5882877606066969,0.5647423009038568,0.6690407637520837,0.7066734757997316
15,0.5879606183640049,0.5632014453076905,0.6714653735414456,0.707347821655355
16,0.5871031110220924,0.5632699942440675,0.6696469161994242,0.7086851122718862
17,0.5868015923081047,0.5625337547814417,0.6696469161994242,0.7092914718760739
18,0.586264738569964,0.5620389459421823,0.6701015305349295,0.7097035925532462
19,0.5859090589641412,0.5610406583394945,0.6696469161994242,0.7087056027186095
20,0.5850220440237845,0.5607326476930542,0.6699499924230944,0.7084132723453576
21,0.5849818794872621,0.5615035263873136,0.6728292165479618,0.7095687233821217
22,0.584733608793864,0.5604373176344635,0.6697984543112593,0.7105408111905159
23,0.5841820129989997,0.5600331400827777,0.6708592210941051,0.7096884086068282
24,0.5841856287592937,0.5605315248755582,0.6701015305349295,0.7104356268973365
25,0.5833747450813164,0.559320600416863,0.6684346113047431,0.7094758333569762
26,0.5832932350725492,0.5596855199414684,0.6716169116532807,0.71041345518319
27,0.5828275281335636,0.5590900340790568,0.67070768298227,0.7102355035343393
