epoch,train_loss,val_loss,val_acc,val_auroc
0,0.727543167217805,0.7710221393629717,0.5414456735869071,0.6347883963882323
1,0.6830955278802991,0.8961749446086765,0.53295953932414,0.6443693488752996
2,0.6657761775972193,0.7064921446579264,0.5770571298681618,0.6416590374355384
3,0.6566376957338422,0.754386574666705,0.5587210183361115,0.645244002310125
4,0.6459638427325967,0.6473443634962743,0.6029701469919685,0.6402822165562672
5,0.6364571437959979,0.6595218587344407,0.5890286407031369,0.64196923609267
6,0.6349546262704526,0.6479764274438776,0.5966055462948932,0.6422260456070175
7,0.6282724968717575,0.6412791567040964,0.607061676011517,0.6419807650524885
8,0.6252714889774649,0.587749316450646,0.7070768298227004,0.6386526096922496
