epoch,train_loss,val_loss,val_acc,val_auroc
0,0.6821815326313613,0.6340231400472609,0.6597969389301409,0.6761277844175901
1,0.6256596080106631,0.6401957884613791,0.6466131232004849,0.6735528897938707
2,0.6085469520711049,0.6329865736714961,0.6532808001212305,0.6698411117505003
3,0.6012784127720708,0.6280530596306909,0.6694953780875891,0.6668796939784281
4,0.5968284709726396,0.6406047166089323,0.6340354599181695,0.6683297552122527
5,0.5949364459465261,0.6433439155043319,0.6246400969843916,0.6688670881717891
