epoch,train_loss,val_loss,val_acc,val_auroc
0,0.7218264883658184,0.6985223928822372,0.4188513411122897,0.5214380496299097
1,0.7050919710442701,0.6907521545715378,0.5743294438551295,0.5296366589667597
2,0.6952161207074811,0.6835476915336663,0.6334293074708289,0.5414247192117674
3,0.687902103817667,0.6779208263496067,0.6593423245946356,0.5455777087329229
4,0.6815969198016366,0.6736112531883678,0.6664646158508865,0.553274873514587
5,0.6789449987257588,0.6653836373579034,0.6866191847249583,0.548789171966294
6,0.6733000672736084,0.6626991125142363,0.6832853462645856,0.5589568758901265
7,0.6714937260501727,0.6613700995031208,0.6729807546597969,0.5693997680034377
8,0.6664583439681725,0.6470621926691662,0.7140475829671162,0.5542110374107253
9,0.6665165703808617,0.6451091948450108,0.7072283679345356,0.56135557117149
10,0.6594091684262957,0.6420635992802531,0.7055614487043491,0.5685008971037478
11,0.6571296596097158,0.6372495889121754,0.7099560539475678,0.5696678266494778
12,0.6544092335941611,0.62847323705977,0.7278375511441127,0.5609978752741827
13,0.6515267464333835,0.6352511731254854,0.6988937717836036,0.5876924093152542
14,0.6487725626195736,0.6275084672289954,0.7111683588422488,0.5824805911890543
15,0.647499342879882,0.6223204708547371,0.7178360357629944,0.5798635003206467
16,0.6435890903995333,0.614802112397253,0.7299590847098045,0.5704457390557852
17,0.6430631466554247,0.6124785611585769,0.729352932262464,0.5726080016145674
18,0.6404873433122492,0.612344907438923,0.7251098651310804,0.5795196978926044
