epoch,train_loss,val_loss,val_acc,val_auroc
0,0.7074498566086861,0.9033694370603323,0.6749507501136536,0.27158842672127914
1,0.6605017820638786,0.8202183343800907,0.6835884224882558,0.27038804550591766
2,0.6429033823619559,0.7560057775200019,0.6848007273829368,0.26989685342535935
3,0.6283584613568097,0.7837765030760461,0.6863161085012881,0.2695927002374964
4,0.6160097353330868,0.7439233207904962,0.6870737990604637,0.26964590957765977
5,0.6149949478116753,0.7095606087518291,0.6878314896196394,0.26961049043102575
