epoch,train_loss,val_loss,val_acc,val_auroc
0,0.6985118045447758,0.5559249764627572,0.7963327776935899,0.5335241215789273
1,0.6603409701232604,0.5168447157779884,0.813153508107289,0.7236917318214007
2,0.6448140076515005,0.5456957377020311,0.777238975602364,0.6655436539021803
3,0.6339021862266749,0.5072401925133365,0.8113350507652675,0.7663316654679633
4,0.6268655226833623,0.537075972842491,0.7611759357478406,0.7271154995386697
5,0.621799043984752,0.5195911417297927,0.785573571753296,0.7767081430933033
6,0.6172873679661971,0.5178470626024066,0.7795120472798909,0.7960161125634986
7,0.6134811961518976,0.5078205363572339,0.786785876647977,0.8161295443618835
8,0.6098732589175979,0.5094956665224045,0.7866343385361418,0.8267538707246785
9,0.6077740735259087,0.5243839206686886,0.7690559175632672,0.8143176687403036
10,0.6062306385633529,0.504154076412205,0.7981512350356115,0.8357692073097134
11,0.6042727853226145,0.5212114406076412,0.7692074556751023,0.8277114974357331
12,0.6026971354450597,0.5326326546262188,0.7478405819063495,0.818103028416733
13,0.6017936270766989,0.5267557154859371,0.7649643885437187,0.827423523001192
14,0.6008475088841952,0.5162000799200754,0.7779966661615396,0.8348214392659107
15,0.6006149878681094,0.5261836080121929,0.7654190028792242,0.8264004789653816
