epoch,train_loss,val_loss,val_acc,val_auroc
0,0.7208131763551755,0.6668264819990778,0.6581300196999545,0.6352019189600594
1,0.6811361003055737,0.6489705899246246,0.6693438399757539,0.6568527693243363
2,0.663427038840551,0.645130211231401,0.6681315350810729,0.6738376662269723
3,0.6528898686473162,0.626305381426903,0.6751022882254887,0.6516961700428501
4,0.6441583898161772,0.617308875469931,0.6855584179421125,0.6246766053748884
5,0.6375464331310686,0.6263920228613888,0.6701015305349295,0.6736100868886834
6,0.6328095512094597,0.6121475779300278,0.6828307319290802,0.6359748462512306
7,0.6277808395727672,0.6147146050108799,0.6764661312320048,0.6638364660113951
