epoch,train_loss,val_loss,val_acc,val_auroc
0,0.6943844262443359,0.7422720002557206,0.5347779966661615,0.7089119947798121
1,0.6334962152336416,0.7105397448284659,0.6040309137748143,0.7119396260419014
2,0.6139917247113649,0.6797946167454645,0.6344900742536748,0.7120451617270566
3,0.6005649271382041,0.673158430876127,0.6416123655099257,0.7126521861201154
4,0.5898089216213946,0.6451690588273465,0.6614638581603273,0.7114569473220459
5,0.5822269239919188,0.6356247406075228,0.6655553871798757,0.7107589802434089
6,0.5777356378742015,0.6348095168523995,0.6647976966207001,0.7116399979137005
7,0.5742762266352134,0.6272182010813073,0.6672223064100621,0.7114904057963616
8,0.5666702046532002,0.6223926570202694,0.6693438399757539,0.7118934611154822
