epoch,train_loss,val_loss,val_acc,val_auroc
0,0.7227827486241833,0.7663428937689719,0.609637823912714,0.6898742429385982
1,0.6868994646604214,0.7059484263011263,0.6594938627064707,0.6812204446039711
2,0.6664091451436502,0.6675110880688007,0.6693438399757539,0.6851333790291019
3,0.652941963133947,0.6500755757486338,0.6737384452189725,0.6948587935884657
4,0.6396937617245434,0.6368880071754184,0.6726776784361267,0.6976740024952485
5,0.6315263012608429,0.6211054548022783,0.6813153508107289,0.7031788470395413
6,0.6249351076039966,0.6231272073564502,0.6813153508107289,0.7062004436958219
7,0.6175890828663878,0.6170639949127442,0.6846491892711016,0.7030769505209967
8,0.6124084674060155,0.6165683998955364,0.6829822700409153,0.7068760959957101
9,0.6118173101830254,0.6136633324829046,0.6835884224882558,0.7075460723622045
10,0.6071645712505634,0.6160844830892939,0.6811638126988938,0.710914982085673
11,0.6051846475181372,0.6153001410976687,0.6887407182906501,0.7067013853602001
12,0.6024875712224905,0.613981879069997,0.6873768752841339,0.7100244551644507
13,0.6014171291759727,0.6152720259868624,0.6860130322776178,0.7112437537704415
14,0.6004226835212269,0.6159927869930577,0.6829822700409153,0.7118235638807384
15,0.5982905836390047,0.6162609256999314,0.6876799515078043,0.7115392266459666
16,0.5984477531387872,0.6158950188283144,0.6846491892711016,0.7145467145535257
17,0.5973620401185323,0.6153735978655028,0.6879830277314745,0.7129678320529147
18,0.5962649904014233,0.6160954861121388,0.688589180178815,0.7132429796812396
19,0.595854371194497,0.6178227560613025,0.6888922564024852,0.711278349935889
20,0.5953293694548759,0.6163626964353471,0.686164570389453,0.7141469666730814
21,0.595003580366017,0.6159942310169657,0.6860130322776178,0.7138065187824745
