epoch,train_loss,val_loss,val_acc,val_auroc
0,0.6593428238718939,0.6275064740366675,0.6890437945143204,0.6716378045546947
1,0.6164444423471617,0.5989975181379577,0.701772995908471,0.6799142091152814
2,0.6035208106178113,0.5965426902117775,0.6907107137445068,0.6826873287570339
3,0.5979138263916858,0.5934142869861763,0.6811638126988938,0.6840580973985799
4,0.5951522959736347,0.5864310451738219,0.6899530231853311,0.6836522994431842
5,0.5929995258196233,0.5910898316428596,0.6716169116532807,0.6839413723006216
6,0.5910752147696575,0.5838060062533889,0.6831338081527504,0.683189641457738
7,0.5895744909156181,0.5844670269846609,0.6757084406728292,0.6837707332881596
8,0.5884347112936197,0.5860186913714732,0.6697984543112593,0.68446542733406
9,0.5871097523678238,0.5860201666112704,0.6666161539627217,0.6846631706095513
10,0.5861342232675719,0.5892434071764691,0.6582815578117897,0.6846137937129895
11,0.5853789546792896,0.585429429032438,0.6625246249431732,0.6844983649058716
12,0.5848558159644284,0.586550928061795,0.6652523109562055,0.6841649824706124
13,0.5835940841325863,0.5819972639897498,0.6661615396272162,0.6845476239578117
14,0.5835684194580368,0.583930464003335,0.6641915441733596,0.6851240609256696
15,0.5826799491181187,0.5880277829922443,0.6590392483709653,0.6851758536369796
16,0.5819854544517271,0.5861795780640295,0.6619184724958327,0.6845311257107503
17,0.5818045609993168,0.588616033705243,0.6590392483709653,0.6846130277229473
18,0.5813680092600744,0.5909776648602209,0.6540384906804061,0.6846301151931179
19,0.5810512587648299,0.5915335562576362,0.653886952568571,0.6844618330730932
20,0.5802314057263341,0.5917847273945538,0.6516138808910441,0.6846992899861533
