epoch,train_loss,val_loss,val_acc,val_auroc
0,0.6509121768730416,0.6114908268387019,0.6747992120018185,0.6652136544051466
1,0.6113970837101557,0.6153216106925232,0.6797999696923777,0.6697586674142603
2,0.6010262781624578,0.6197107080655272,0.6747992120018185,0.6719531868639921
3,0.5969769787589143,0.6151428800728271,0.684952265494772,0.6724741662117166
4,0.5946278252747907,0.6120814661452907,0.6793453553568722,0.6728252155479812
5,0.5928710331072342,0.609477473670993,0.6747992120018185,0.673416712161677
6,0.5914422608770442,0.6023830628283079,0.6816184270343991,0.6738828515780622
7,0.5900034740799959,0.599681638627183,0.6746476738899834,0.6738941023711508
8,0.5893609920873212,0.5964353630480974,0.6726776784361267,0.6745336146646402
