epoch,train_loss,val_loss,val_acc,val_auroc
0,0.6878870197147433,0.6216142737950352,0.691013789968177,0.6689836498711607
1,0.6595790033756666,0.6133046480431161,0.6738899833308077,0.6714902411034165
2,0.6505348228255733,0.5890634256089198,0.7205637217760267,0.6706773471120547
3,0.641089304773568,0.6207694388787156,0.6464615850886498,0.6749164312703173
4,0.6359748337590021,0.5871309632152333,0.699348386119109,0.6724156896474286
5,0.6302154201289925,0.5838559620812872,0.701772995908471,0.6724037214811373
6,0.6275914555463777,0.5847527541108413,0.6938930140930444,0.6724844729851592
7,0.6254421784618006,0.5809336773715863,0.6973783906652523,0.6723877863383785
8,0.6214680064806596,0.5866623525999589,0.6767692074556751,0.6730068363779541
