epoch,train_loss,val_loss,val_acc,val_auroc
0,0.7063447517506154,0.6618471638436281,0.6669192301863919,0.44223840413743465
1,0.6810113881479377,0.6619571709491968,0.6590392483709653,0.4678291888287662
2,0.6686915980575482,0.6559071894179043,0.6591907864828004,0.4834412700560555
3,0.6593258926788592,0.6422708404120179,0.6619184724958327,0.4768417141474742
4,0.6534250790105659,0.6291961346201543,0.6749507501136536,0.4604607520799677
5,0.648603453838856,0.6412476691211204,0.6561600242460979,0.490779884087555
6,0.646725728958371,0.6304282142025248,0.6607061676011516,0.4737696960686759
7,0.6427318208541702,0.6206595635735677,0.6696469161994242,0.4581257891057613
8,0.6401902111918119,0.6303061357970164,0.6582815578117897,0.4898934928388756
9,0.6376470009022218,0.6162185842366918,0.6710107592059403,0.4714477527135891
10,0.6338254935905091,0.6129896739411126,0.6720715259887862,0.47593724009446237
