epoch,train_loss,val_loss,val_acc,val_auroc
0,0.6583772116259295,0.5576838461408689,0.737687528413396,0.7812328734067864
1,0.6135106018355876,0.5396312731543279,0.7326867707228368,0.7841110580241015
2,0.6043441084607419,0.5343962991792228,0.7287467798151235,0.784787627831106
3,0.6000365905261847,0.5285255407849881,0.7408698287619336,0.7854547384982169
4,0.5976131424993364,0.5268897067996512,0.7348083042885286,0.7859498955151129
5,0.5957527486827021,0.524381440739719,0.738899833308077,0.7880013706100661
6,0.5939511538574211,0.5211745908285997,0.7387482951962419,0.7913363930755236
7,0.5926355925494466,0.5199071852650349,0.7393544476435824,0.7918547153329764
8,0.5910036883525709,0.5178190261093951,0.7410213668737687,0.7934613212874082
9,0.5900786644951874,0.5183707334215234,0.7335959993938476,0.7946663964055268
10,0.5892697047779929,0.5162604896023989,0.7372329140778906,0.7958524567220219
11,0.5884141240407338,0.5169900789244968,0.7313229277163207,0.796247713639018
12,0.5876368737463367,0.5146215294035732,0.7370813759660555,0.7972618685662164
13,0.5869407024439371,0.5134686618740766,0.7387482951962419,0.7975018218496478
14,0.5862425648730479,0.5134857681813177,0.7349598424003637,0.7982430612865394
15,0.5859435898097649,0.5127376204350623,0.7366267616305501,0.7982176277828452
