epoch,train_loss,val_loss,val_acc,val_auroc
0,0.6880723809740691,0.6430975573950598,0.6526746476738899,0.6924224390783089
1,0.6578366848117818,0.6332743344550459,0.6375208364903774,0.7003885571240778
2,0.6429820528245728,0.6029504705765226,0.6634338536141839,0.7023536714867143
3,0.6339062899147891,0.5953483194234714,0.6546446431277466,0.7038405066576662
4,0.6263065040337351,0.566100743561554,0.719654493105016,0.6999398234228259
5,0.6204189723740023,0.5581826066804629,0.7252614032429155,0.7009465906354488
6,0.6161874932201545,0.5552944178146961,0.7173814214274891,0.7011626613097424
7,0.6128610841323614,0.5417166818432925,0.7501136535838764,0.6959140498861112
8,0.6115979530591281,0.5395780211597667,0.7490528868010304,0.6966298649518193
