epoch,train_loss,val_loss,val_acc,val_auroc
0,0.7107881750639938,0.5656866243272537,0.8017881497196545,0.5798564485911043
1,0.6711839822534902,0.5415317438862363,0.8175481133505077,0.6635388893096481
2,0.6548847547623764,0.5207784681324525,0.8261857857251098,0.7377745155110005
3,0.6397553921143274,0.5211211214789587,0.831186543415669,0.7476692544286146
4,0.6288993981574986,0.5269884160656444,0.8204273374753751,0.7647675003782227
5,0.6199031590168937,0.5062847261736656,0.8346719199878769,0.7994982491191235
6,0.6138152950260563,0.5132191914250442,0.8320957720866798,0.801794811834897
7,0.6073693938825434,0.5134044947236176,0.8252765570540991,0.8075230660565718
8,0.6030996405621301,0.5233442095811303,0.8051219881800272,0.8069543960165825
9,0.6003001749669084,0.5079197254230045,0.833459615093196,0.8255940031293437
10,0.5965926287968712,0.5169894962278997,0.8167904227913321,0.8204897933310078
11,0.5950203506959931,0.5158012379731423,0.8137596605546294,0.8187611635586067
12,0.594453506188639,0.524960053835986,0.7852704955296257,0.8206361530780141
13,0.5922903481135315,0.5193436182273267,0.8039096832853463,0.8263427090180269
14,0.5906351755597155,0.509895986021423,0.8239127140475829,0.8316639937700595
15,0.590589462581738,0.5060571623419357,0.8317926958630095,0.8355294666350452
16,0.589332797894389,0.5007566673716988,0.8369449916654038,0.8358004417788575
17,0.5888681120810355,0.5102847070834152,0.8233065616002425,0.8350099517256999
18,0.5874549722125953,0.5106083592025958,0.8175481133505077,0.8341700761992056
19,0.5873648372992076,0.5228675996052313,0.7823912714047583,0.8315238993442973
20,0.5863865219222576,0.5207482338096178,0.7881497196544931,0.8329358079140958
21,0.5858214541644214,0.519661608709135,0.7893620245491741,0.8349352285561549
