epoch,train_loss,val_loss,val_acc,val_auroc
0,0.6631511397248764,0.5867122147801899,0.6673738445218973,0.7359008328131174
1,0.6212408725391463,0.55689984636788,0.6470677375359903,0.7761970129863046
2,0.6083321484191021,0.5367636023768694,0.680254584027883,0.7878875511350838
3,0.6022643980728993,0.5274398348190185,0.6944991665403849,0.7928446537777809
4,0.5991368579372606,0.5215227474207443,0.709046825276557,0.7962729645138689
5,0.5964949321929615,0.519923181673996,0.7035914532504925,0.7984708281603994
6,0.5945241587304382,0.5147996819512485,0.7202606455523565,0.8008717611199567
7,0.5932294604230633,0.5141729640136941,0.7134414305197757,0.8021806789850685
8,0.5916285874343499,0.5114244859062157,0.7208667979996969,0.8030331414574307
9,0.5909257181345525,0.510039285450817,0.7246552507955751,0.8036846291191555
10,0.5896452553457993,0.5085841325001746,0.7260190938020912,0.8045397706062016
11,0.5889636044314305,0.5096709772680253,0.7201091074405213,0.8043406467511638
12,0.5883122654949069,0.5078542102085928,0.7249583270192453,0.8041310016748227
13,0.5877799595838059,0.5064799387828204,0.7276860130322776,0.8048639313829328
14,0.5872576577737166,0.5068018555297944,0.7263221700257615,0.8046197026624925
15,0.586224013234546,0.5060171690072448,0.7301106228216396,0.8044012411923739
16,0.586109477536183,0.5066541997496513,0.7261706319139264,0.8043536521497193
17,0.5852857170489666,0.5062895912277932,0.7261706319139264,0.8042876996791417
18,0.5852399220336039,0.5066377882849793,0.7254129413547508,0.8044712852490138
