epoch,train_loss,val_loss,val_acc,val_auroc
0,0.6528589758325396,0.6067494859043658,0.6967722382179118,0.5594355986248298
1,0.6131611198112775,0.6079758171385609,0.6902560994090013,0.6543334706656927
2,0.6025961792134559,0.6038947015083962,0.707834520381876,0.6774605861899041
3,0.5979045201420278,0.6000927021727813,0.7019245340203061,0.6940175600771369
4,0.5952637213166837,0.5935055726512777,0.7138960448552811,0.6981326838320575
5,0.5938392686530616,0.5882942314165291,0.7088952871647219,0.7026126038792352
6,0.5918608517299224,0.581644720987111,0.7164721927564782,0.7029550692374361
7,0.591159219047613,0.5776026125007695,0.711471435065919,0.7070410531430068
8,0.5899098948024178,0.5724107650107083,0.7175329595393242,0.7073416840640222
9,0.5888123455153347,0.5680683064883469,0.7146537354144568,0.7087705753302612
10,0.5885125943866838,0.5641851689638848,0.7123806637369299,0.709984408738031
11,0.587196618292966,0.5612746433952321,0.7195029549931807,0.7103309709859424
12,0.5865224665319633,0.5562465197752057,0.7202606455523565,0.7114154350031333
13,0.5860525648132369,0.5526656850140498,0.719806031216851,0.7118780373243965
14,0.5856099101532349,0.5503553138174493,0.7210183361115321,0.7113234569439972
15,0.5851972818081583,0.5476873657670522,0.7205637217760267,0.7119773436228738
16,0.5847012060809105,0.5452358860340167,0.7211698742233672,0.7118831151595306
17,0.5843880176621132,0.5435174536499079,0.7213214123352023,0.7114408818814764
18,0.5835971854913199,0.5410692527413747,0.7201091074405213,0.7126756036565028
19,0.5834043031634093,0.5390795057227096,0.7219275647825428,0.7122985743977861
20,0.582979930764362,0.5376744473372504,0.7219275647825428,0.71217249405951
21,0.5825697046296832,0.5357904863422577,0.7213214123352023,0.7123603739594766
22,0.5823658568546125,0.5347569953096438,0.7208667979996969,0.7121971908031175
23,0.5818791947793249,0.5334563529171679,0.7214729504470374,0.711764420763268
