epoch,train_loss,val_loss,val_acc,val_auroc
0,0.6281117857739968,0.7190167802376248,0.6361569934838612,0.7591160559354905
1,0.5877787863653634,0.6921225691007871,0.6557054099105926,0.763963020749792
2,0.5677377184840255,0.6802270539259618,0.6638884679496894,0.7672851747619533
3,0.5566583843859132,0.6700662658293692,0.667070768298227,0.7686637794854596
4,0.5445871419952862,0.6712656959040018,0.6667676920745568,0.7712826569844025
5,0.5395160316300945,0.6483129405093782,0.6740415214426428,0.7701794038019413
6,0.5306113309057432,0.6394155114722045,0.6751022882254887,0.7708273183724853
7,0.5263687686967857,0.6524385838711654,0.6711622973177754,0.7729043876405314
8,0.5214164245759091,0.6290614831481924,0.6772238217911805,0.7725272556710752
9,0.5173562113977522,0.6237222642894225,0.6781330504621912,0.7729160044134016
10,0.5138654569808887,0.6292960994585768,0.6746476738899834,0.773794796269023
11,0.5119512868146134,0.6254909114776949,0.674193059554478,0.7740521150789601
12,0.5085571488334765,0.6216838806032104,0.675405364449159,0.774824314537492
13,0.5055540643924835,0.6091334907588389,0.6797999696923777,0.7739529593607373
14,0.5038235748296507,0.6135408737060066,0.6772238217911805,0.7744685690954958
15,0.5028918297873571,0.6071281184534499,0.6796484315805426,0.774965708647448
16,0.5013352090995553,0.6072240471930228,0.6785876647976966,0.775685851353913
17,0.5012034894950752,0.6064964152227876,0.6782845885740264,0.7765282861128527
18,0.5006901395611735,0.6085710694598762,0.6773753599030156,0.7768648808916238
19,0.4993689483739261,0.6111446472528685,0.6761630550083346,0.7772233482552968
20,0.4976614975327704,0.6110994975157517,0.6760115168964995,0.7775574641411123
21,0.49628596995017404,0.6065681898010411,0.6773753599030156,0.7776804366740062
22,0.49649771755708855,0.609654175257896,0.6766176693438399,0.778041237113402
23,0.4952325387133994,0.6050640094061659,0.677829974238521,0.7780878986278598
24,0.4948865648868825,0.6130814752464566,0.6758599787846643,0.7783266986492463
25,0.4953519660860395,0.6048625200910087,0.6769207455675103,0.7779814034422587
26,0.49526919588426294,0.6032039794366926,0.6779815123503561,0.7778741791704943
27,0.4928950949001717,0.5968423257507796,0.6808607364752235,0.7776012093109163
28,0.49269416462762694,0.6007661896052551,0.6787392029095317,0.77795680893568
29,0.4912300716233734,0.5947059600131767,0.6813153508107289,0.7774137855611776
