epoch,train_loss,val_loss,val_acc,val_auroc
0,0.7439764838221821,0.7056842335138669,0.6796484315805426,0.5716300178396293
1,0.6963639380071129,0.688071988390908,0.6863161085012881,0.6030351582096838
2,0.6737168403070924,0.6716996314471771,0.6884376420669799,0.6327631388363931
3,0.6669985012899248,0.6753765787748085,0.689801485073496,0.5991127103430894
4,0.6546760758179669,0.6701969332289635,0.6902560994090013,0.5956588513637556
5,0.6479823946705935,0.6550082157445435,0.6888922564024852,0.6260091959425765
6,0.6448385315651471,0.6597427631764904,0.6908622518563419,0.592123316195323
7,0.6385784676329453,0.6472043024263412,0.6894984088498257,0.6159226708350579
