epoch,train_loss,val_loss,val_acc,val_auroc
0,0.735282133467036,0.6229497357776155,0.7528413395969086,0.6740005864432711
1,0.6824215193761144,0.6037998121423168,0.7531444158205789,0.6697807661441256
2,0.6647084472112814,0.5923206995862743,0.7531444158205789,0.6690831903898463
3,0.649677283828196,0.5778663220198196,0.7534474920442491,0.6651215460543394
4,0.6414259070096886,0.5728109342110014,0.753295953932414,0.6662953597305328
5,0.6347337529088064,0.566285733545092,0.7534474920442491,0.664956701597786
