epoch,train_loss,val_loss,val_acc,val_auroc
0,0.7054944935035012,0.622291448170858,0.7373844521897257,0.4664720518424516
1,0.6481639561842456,0.607344041070824,0.781936657069253,0.4810308563639782
2,0.6340841598665377,0.5988268874634177,0.7886043339899985,0.5058566577364166
3,0.6224751130055796,0.5993395598842657,0.7911804818911956,0.5389021814485806
4,0.6180539449736429,0.603410128012338,0.7917866343385361,0.5587796989565708
5,0.606992287100364,0.5831334437361485,0.7970904682527655,0.5378227668499718
6,0.5956556820150469,0.5833618446161646,0.797696620700106,0.5521211547048317
7,0.5954393920509684,0.5768316170359619,0.798757387482952,0.5490481499106975
8,0.5968191597403532,0.580630381480548,0.7986058493711168,0.5627648964796014
9,0.5869436374684683,0.5735260844501623,0.7990604637066222,0.5605294698251552
10,0.5863734185921458,0.576698878982389,0.798757387482952,0.5717857709390863
11,0.5840821704696139,0.5725501104274795,0.8002727686013033,0.5736211723303253
12,0.5834659018341674,0.5726925774331634,0.8005758448249735,0.5782193698298552
13,0.5786696886597195,0.5632560233994675,0.8019396878314896,0.5676459097104719
14,0.5754613212372863,0.5580529948403788,0.8055766025155326,0.5643808604765933
15,0.5777928830096353,0.5633565894327917,0.8051219881800272,0.5788828227815379
16,0.5743656551265268,0.5617314994940343,0.8049704500681921,0.5807140381180673
17,0.5733959677002975,0.5550646977743284,0.8054250644036975,0.5767877391191952
18,0.5728108973679424,0.5524370621543777,0.8057281406273678,0.5759424498260952
19,0.5726385846483398,0.5616913755150668,0.802394302166995,0.5895980212445948
20,0.5691365853622657,0.5550095693579875,0.8042127595090165,0.5859731181848091
21,0.5688590157806991,0.5517216055370457,0.8043642976208516,0.5846611939509306
22,0.569764277080204,0.5468326550683283,0.804818911956357,0.5804005246521902
23,0.5648865795420921,0.5495847750295381,0.8037581451735112,0.5869108678793006
24,0.5682092269616952,0.5506061670147554,0.8033035308380058,0.5881127796578305
