epoch,train_loss,val_loss,val_acc,val_auroc
0,0.6667374888358053,0.6156634940470975,0.6758599787846643,0.7125090180158515
1,0.621209815539538,0.5834711071649705,0.6796484315805426,0.718125938588363
2,0.6064224072315011,0.5720123612423669,0.6793453553568722,0.7171403682545661
3,0.5999660749493179,0.566643600591043,0.6791938172450371,0.715128236605829
4,0.596274510640096,0.5626992729870293,0.6779815123503561,0.7138966152800924
5,0.594337597919482,0.5603549493083558,0.6782845885740264,0.7157501433633289
6,0.5927218263086758,0.5586588200989556,0.6782845885740264,0.713872283454106
