epoch,train_loss,val_loss,val_acc,val_auroc
0,0.6688417376339224,0.5637474562981252,0.7396575238672526,0.670651587517995
1,0.6164139003903212,0.5392239705452975,0.7402636763145931,0.671563798315287
2,0.6025630682838137,0.5356155617487468,0.7431429004394605,0.6721743210766995
3,0.5975179694611393,0.5355053985637325,0.7387482951962419,0.6727078184051813
4,0.5947012629431655,0.536405031239197,0.7313229277163207,0.6731324050699717
5,0.5928225663671026,0.5372146858484713,0.7258675556902561,0.6734360477560127
6,0.5913480500056036,0.536547781500171,0.7279890892559479,0.6735682920560085
7,0.5895110574114817,0.5363731575041111,0.7261706319139264,0.6742157699220388
8,0.5883712090962617,0.5371967945194259,0.7287467798151235,0.6740286121690655
9,0.5873219428287887,0.5382995131449693,0.7251098651310804,0.6742878476467478
10,0.5864033702922912,0.5388379375182023,0.7220791028943779,0.6747914143946303
11,0.5856615014773479,0.5384564157651579,0.7214729504470374,0.6753021889149835
12,0.5849855240009824,0.5391686536774778,0.7219275647825428,0.6754299741692982
13,0.5842670684239523,0.5387853017484153,0.7195029549931807,0.6760183238679399
14,0.5837940813715987,0.538704992514846,0.7179875738748295,0.6764692372270942
15,0.5834180362896065,0.5406385844612613,0.7158660403091377,0.6766091779621013
16,0.5828625723450047,0.5410482143882478,0.719654493105016,0.6766138813390528
17,0.5823687934561296,0.5399727957919612,0.7199575693286862,0.6772247705973704
18,0.5822162657883653,0.5399589914321032,0.7188968025458403,0.6776536330593891
19,0.5815711337977987,0.5406811467480128,0.7129868161842703,0.6781374700572028
20,0.581167813971848,0.5414903654909835,0.7164721927564782,0.6779605742175779
21,0.5809174791111158,0.541191191253454,0.7172298833156538,0.6781642854141072
22,0.5809113427859561,0.5406762886307496,0.7155629640854675,0.678617031257788
23,0.5803216657220626,0.5413510813498464,0.712532201848765,0.6788468859002288
24,0.580073686182995,0.541186753972622,0.7135929686316108,0.6791340362255314
25,0.5796872711138553,0.5416931762787804,0.7128352780724352,0.6792161315323186
26,0.5794856971887585,0.5419828851650403,0.7155629640854675,0.6792993874126394
27,0.5789719126309395,0.5420729834702109,0.7140475829671162,0.6796026025189577
