epoch,train_loss,val_loss,val_acc,val_auroc
0,0.516741150851538,0.5190121679165848,0.7323836944991665,0.9057778698906159
1,0.4868659321684461,0.5100071781746347,0.805879678739203,0.9067347841105354
2,0.4740055614952825,0.4987659515043265,0.8330050007576906,0.9060362003454231
3,0.4794413127272684,0.4917539482966465,0.8404303682376117,0.9060544847438111
4,0.4633305646340257,0.48507498741005384,0.8463403545991817,0.9052797236614852
5,0.4567362727640542,0.4810685598411277,0.8481588119412032,0.9050715947035118
6,0.4567929650142457,0.47798223100949244,0.8492195787240491,0.9055046171560162
