epoch,train_loss,val_loss,val_acc,val_auroc
0,0.7429728941007678,0.7012171195409284,0.4529474162751932,0.48509078407184436
1,0.7234414155726397,0.6994281993668844,0.49598424003636915,0.49643876258425357
2,0.7065916233919736,0.6890345661725794,0.5893317169268071,0.4924566383605511
3,0.7055519575656481,0.6850411012906489,0.6182754962873163,0.493838063572128
4,0.7017918013409966,0.6711713244904531,0.6978330050007577,0.4792391351242259
5,0.7014243644933879,0.6747347962803905,0.6634338536141839,0.49136466042533034
6,0.6945075344128904,0.6681114482344922,0.68252765570541,0.48877084721156855
