{
    "E056": {
        "mean": 0.888231791009569,
        "sd": 0.2832506909761654
    },
    "E027": {
        "mean": 0.7992378281294155,
        "sd": 0.22849204815035293
    },
    "E127": {
        "mean": 0.8248666292351802,
        "sd": 0.22985719773258098
    },
    "E011": {
        "mean": 0.7163095528566615,
        "sd": 0.16918862841409787
    },
    "E003": {
        "mean": 0.7709155394851751,
        "sd": 0.24123851922633321
    },
    "E058": {
        "mean": 0.8310013589480997,
        "sd": 0.2832386544133876
    },
    "E037": {
        "mean": 0.7775960447952585,
        "sd": 0.14651536547103897
    },
    "E054": {
        "mean": 0.7993603325960768,
        "sd": 0.16747985651778122
    },
    "E062": {
        "mean": 0.802242866441251,
        "sd": 0.22512384571648833
    },
    "E013": {
        "mean": 0.7981069182840879,
        "sd": 0.23667945477252317
    },
    "E113": {
        "mean": 0.6993439960222094,
        "sd": 0.1157852186608573
    },
    "E070": {
        "mean": 0.7587240681396525,
        "sd": 0.18294644582443914
    },
    "E095": {
        "mean": 0.7966809477861019,
        "sd": 0.2668934338214543
    },
    "E087": {
        "mean": 0.7530055243137966,
        "sd": 0.2353915857236847
    },
    "E117": {
        "mean": 0.9058730192992532,
        "sd": 0.2942072187138959
    },
    "E109": {
        "mean": 0.7278782641771544,
        "sd": 0.1682469731954305
    },
    "E105": {
        "mean": 0.7883521104277985,
        "sd": 0.24389788986758304
    },
    "E005": {
        "mean": 0.631674429736859,
        "sd": 0.1552346068943802
    },
    "E066": {
        "mean": 0.8031888081021159,
        "sd": 0.1789937233247569
    },
    "E050": {
        "mean": 0.4046002092517271,
        "sd": 0.05840907213460335
    },
    "E119": {
        "mean": 0.8255487550757545,
        "sd": 0.29732970457807806
    },
    "E007": {
        "mean": 0.7798192158125654,
        "sd": 0.18035496666908618
    },
    "E123": {
        "mean": 0.9079561632166956,
        "sd": 0.021676238545796315
    },
    "E085": {
        "mean": 0.7375085440091014,
        "sd": 0.180083279659309
    },
    "E097": {
        "mean": 0.7561696292962364,
        "sd": 0.22316579683232532
    },
    "E061": {
        "mean": 0.831394973879199,
        "sd": 0.2966787193320038
    },
    "E057": {
        "mean": 0.624153172209756,
        "sd": 0.1758324719620847
    },
    "E038": {
        "mean": 0.8133619231480521,
        "sd": 0.2358039484879389
    },
    "E100": {
        "mean": 0.8820009917540962,
        "sd": 0.3411384825307477
    },
    "E071": {
        "mean": 0.7259285808274593,
        "sd": 0.18705419900177192
    },
    "E112": {
        "mean": 0.7099096150836929,
        "sd": 0.1374138559882251
    },
    "E012": {
        "mean": 0.769807842265477,
        "sd": 0.24405378056767715
    },
    "E047": {
        "mean": 0.8162903274757959,
        "sd": 0.0536183413531412
    },
    "E024": {
        "mean": 0.7564270499472457,
        "sd": 0.1953257525434241
    },
    "E059": {
        "mean": 0.8783381983021444,
        "sd": 0.2277570015918332
    },
    "E028": {
        "mean": 0.8118473963236859,
        "sd": 0.256722607677845
    },
    "E128": {
        "mean": 0.8220792984929433,
        "sd": 0.20838010470839713
    },
    "E055": {
        "mean": 0.832553631508944,
        "sd": 0.26699821451316436
    },
    "E082": {
        "mean": 0.7818472997646435,
        "sd": 0.2485621851023101
    },
    "E120": {
        "mean": 0.8385527012240422,
        "sd": 0.3035518880089748
    },
    "E116": {
        "mean": 0.891313510091905,
        "sd": 0.2885354392380369
    },
    "E016": {
        "mean": 0.7800881567622064,
        "sd": 0.23239560944965076
    },
    "E079": {
        "mean": 0.7341712329450749,
        "sd": 0.1680813696935462
    },
    "E004": {
        "mean": 0.8074467996084745,
        "sd": 0.17580368895382392
    },
    "E104": {
        "mean": 0.7566959041592152,
        "sd": 0.1829379772126901
    },
    "E094": {
        "mean": 0.6707859417157568,
        "sd": 0.17450343562541518
    },
    "E098": {
        "mean": 0.7407947482942379,
        "sd": 0.20720086470680363
    },
    "E084": {
        "mean": 0.726215880510423,
        "sd": 0.19507965324701246
    },
    "E096": {
        "mean": 0.7081225579305878,
        "sd": 0.11464633789053347
    },
    "E122": {
        "mean": 0.8299909261273042,
        "sd": 0.24340160882723225
    },
    "E053": {
        "mean": 0.739192259938623,
        "sd": 0.21656882870881536
    },
    "E006": {
        "mean": 0.8144238723584858,
        "sd": 0.22358403681189795
    },
    "E106": {
        "mean": 0.751278425918772,
        "sd": 0.09865213571307022
    },
    "E065": {
        "mean": 0.7658509915223629,
        "sd": 0.2069728710187651
    },
    "E118": {
        "mean": 0.8341961740201587,
        "sd": 0.11428955784082208
    },
    "E114": {
        "mean": 0.8136531484762961,
        "sd": 0.2625159457590465
    }
}