{
    "E096": {
        "val_auroc": 0.6820718649561823,
        "lowest_val_loss": 0.5356739285245485
    },
    "E013": {
        "val_auroc": 0.7299736667830072,
        "lowest_val_loss": 0.5668537987057125
    },
    "E056": {
        "val_auroc": 0.8976282902841267,
        "lowest_val_loss": 0.4121815180720696
    },
    "E037": {
        "val_auroc": 0.7926643339906759,
        "lowest_val_loss": 0.5325378060142171
    },
    "E117": {
        "val_auroc": 0.9268079217040874,
        "lowest_val_loss": 0.3493203329198161
    },
    "E128": {
        "val_auroc": 0.779518812083838,
        "lowest_val_loss": 0.566291331160988
    },
    "E070": {
        "val_auroc": 0.7352154798653667,
        "lowest_val_loss": 0.6216281477041833
    },
    "E011": {
        "val_auroc": 0.6507542949748917,
        "lowest_val_loss": 0.5578135111635789
    },
    "E054": {
        "val_auroc": 0.7452569434688431,
        "lowest_val_loss": 0.5473100111545587
    },
    "E094": {
        "val_auroc": 0.6629109816174777,
        "lowest_val_loss": 0.5486383534214825
    },
    "E050": {
        "val_auroc": 0.44864727069002497,
        "lowest_val_loss": 0.569223609832692
    },
    "E028": {
        "val_auroc": 0.7823593984455446,
        "lowest_val_loss": 0.5472535120571973
    },
    "E113": {
        "val_auroc": 0.6742187370348969,
        "lowest_val_loss": 0.528991782461121
    },
    "E071": {
        "val_auroc": 0.669102274005412,
        "lowest_val_loss": 0.5580837572320047
    },
    "E114": {
        "val_auroc": 0.7774789098032808,
        "lowest_val_loss": 0.5512883063066474
    },
    "E095": {
        "val_auroc": 0.769083258750538,
        "lowest_val_loss": 0.5932374717358623
    },
    "E055": {
        "val_auroc": 0.7904133383876724,
        "lowest_val_loss": 0.5347642662995222
    },
    "E057": {
        "val_auroc": 0.7332183121914486,
        "lowest_val_loss": 0.4714132458680614
    },
    "E012": {
        "val_auroc": 0.7226822279232462,
        "lowest_val_loss": 0.5825190823048167
    },
    "E097": {
        "val_auroc": 0.7082753526214189,
        "lowest_val_loss": 0.5325894396238967
    },
    "E116": {
        "val_auroc": 0.9189294645941276,
        "lowest_val_loss": 0.35879174397377955
    },
    "E112": {
        "val_auroc": 0.6492738767079109,
        "lowest_val_loss": 0.5214946014192144
    },
    "E053": {
        "val_auroc": 0.7156400798322397,
        "lowest_val_loss": 0.6087475675654278
    },
    "E016": {
        "val_auroc": 0.7204561473633935,
        "lowest_val_loss": 0.8353053098159191
    },
    "E109": {
        "val_auroc": 0.6761954838923416,
        "lowest_val_loss": 0.5316778722902666
    },
    "E084": {
        "val_auroc": 0.6546265451682647,
        "lowest_val_loss": 0.4966402574097827
    },
    "E079": {
        "val_auroc": 0.6884659305446172,
        "lowest_val_loss": 0.5370222465398367
    },
    "E105": {
        "val_auroc": 0.7234715440234621,
        "lowest_val_loss": 0.5634537616052814
    },
    "E027": {
        "val_auroc": 0.7723355546158446,
        "lowest_val_loss": 0.6405987351532144
    },
    "E062": {
        "val_auroc": 0.7898376020236755,
        "lowest_val_loss": 0.5408274268251347
    },
    "E123": {
        "val_auroc": 0.933398840485718,
        "lowest_val_loss": 0.34784165164307584
    },
    "E003": {
        "val_auroc": 0.7283393408133125,
        "lowest_val_loss": 0.6654563113439623
    },
    "E082": {
        "val_auroc": 0.7377730848453564,
        "lowest_val_loss": 0.5836469534220596
    },
    "E127": {
        "val_auroc": 0.7745891881228343,
        "lowest_val_loss": 0.5710545054419978
    },
    "E007": {
        "val_auroc": 0.7306952422692312,
        "lowest_val_loss": 0.5566938216441653
    },
    "E066": {
        "val_auroc": 0.750677623533729,
        "lowest_val_loss": 0.5776255315389573
    },
    "E059": {
        "val_auroc": 0.8894768908862729,
        "lowest_val_loss": 0.4467994024002438
    },
    "E118": {
        "val_auroc": 0.8011386396918141,
        "lowest_val_loss": 0.5270741158930673
    },
    "E005": {
        "val_auroc": 0.6486353992367945,
        "lowest_val_loss": 0.5876930165713548
    },
    "E038": {
        "val_auroc": 0.8038869949644107,
        "lowest_val_loss": 0.5234565953446764
    },
    "E106": {
        "val_auroc": 0.6841208374503152,
        "lowest_val_loss": 0.5321127595567653
    },
    "E047": {
        "val_auroc": 0.8034440295347431,
        "lowest_val_loss": 0.5301825035917234
    },
    "E087": {
        "val_auroc": 0.6903219040917948,
        "lowest_val_loss": 0.5306988123023595
    },
    "E122": {
        "val_auroc": 0.7996249161466553,
        "lowest_val_loss": 0.5544441932077606
    },
    "E085": {
        "val_auroc": 0.6840656909787189,
        "lowest_val_loss": 0.5363055210724836
    },
    "E120": {
        "val_auroc": 0.7824789774836622,
        "lowest_val_loss": 0.5609321041456912
    },
    "E061": {
        "val_auroc": 0.7923931478554301,
        "lowest_val_loss": 0.635470382804888
    },
    "E024": {
        "val_auroc": 0.6989601794217621,
        "lowest_val_loss": 0.5701182878167363
    },
    "E104": {
        "val_auroc": 0.7181929956293104,
        "lowest_val_loss": 0.5627527997825774
    },
    "E065": {
        "val_auroc": 0.6868400384302272,
        "lowest_val_loss": 0.5868460502312353
    },
    "E098": {
        "val_auroc": 0.6839055475355743,
        "lowest_val_loss": 0.5496729371547338
    },
    "E100": {
        "val_auroc": 0.8946402690934634,
        "lowest_val_loss": 0.4330885588517603
    },
    "E058": {
        "val_auroc": 0.7858131744302851,
        "lowest_val_loss": 0.6037658256985127
    },
    "E004": {
        "val_auroc": 0.7750702816927981,
        "lowest_val_loss": 0.5818223735024882
    },
    "E119": {
        "val_auroc": 0.7912771915865388,
        "lowest_val_loss": 0.5415190046240768
    },
    "E006": {
        "val_auroc": 0.7545485583703369,
        "lowest_val_loss": 0.5755519248406297
    },
    "ave_auroc": 0.746639694338017
}