{
    "E056": {
        "test_auroc": 0.1655096793985683,
        "lowest_training_loss": 0.5021531710177276
    },
    "E027": {
        "test_auroc": 0.23718313289766016,
        "lowest_training_loss": 0.5312120934155776
    },
    "E127": {
        "test_auroc": 0.19770520799908778,
        "lowest_training_loss": 0.5131388039449426
    },
    "E011": {
        "test_auroc": 0.7163095528566615,
        "lowest_training_loss": 0.4760448919275737
    },
    "E003": {
        "test_auroc": 0.23170512897981335,
        "lowest_training_loss": 0.5244593380689079
    },
    "E058": {
        "test_auroc": 0.8310013589480997,
        "lowest_training_loss": 0.485306339154049
    },
    "E037": {
        "test_auroc": 0.5465266577380103,
        "lowest_training_loss": 0.5084959131778326
    },
    "E054": {
        "test_auroc": 0.7924055774323482,
        "lowest_training_loss": 0.46483482713859803
    },
    "E062": {
        "test_auroc": 0.7994253424101257,
        "lowest_training_loss": 0.5197388969516509
    },
    "E013": {
        "test_auroc": 0.7981069182840879,
        "lowest_training_loss": 0.48028372059414853
    },
    "E113": {
        "test_auroc": 0.6896842628656669,
        "lowest_training_loss": 0.45317928650459777
    },
    "E070": {
        "test_auroc": 0.7587240681396525,
        "lowest_training_loss": 0.5688523845779583
    },
    "E095": {
        "test_auroc": 0.18789343551168064,
        "lowest_training_loss": 0.5090056972755199
    },
    "E087": {
        "test_auroc": 0.7530055243137966,
        "lowest_training_loss": 0.43394464837144103
    },
    "E117": {
        "test_auroc": 0.9042381329838114,
        "lowest_training_loss": 0.4144407721636999
    },
    "E109": {
        "test_auroc": 0.7278782641771544,
        "lowest_training_loss": 0.4542840890890182
    },
    "E105": {
        "test_auroc": 0.30307581689462426,
        "lowest_training_loss": 0.48149024592722406
    },
    "E005": {
        "test_auroc": 0.631674429736859,
        "lowest_training_loss": 0.5459202873321922
    },
    "E066": {
        "test_auroc": 0.8031888081021159,
        "lowest_training_loss": 0.5115713689369524
    },
    "E050": {
        "test_auroc": 0.2675997288795505,
        "lowest_training_loss": 0.4850985317568499
    },
    "E119": {
        "test_auroc": 0.8255487550757545,
        "lowest_training_loss": 0.4945018930075222
    },
    "E007": {
        "test_auroc": 0.773637505499963,
        "lowest_training_loss": 0.4825706012469088
    },
    "E123": {
        "test_auroc": 0.9079561632166956,
        "lowest_training_loss": 0.45171583745088184
    },
    "E085": {
        "test_auroc": 0.6330270269207556,
        "lowest_training_loss": 0.4874690543237339
    },
    "E097": {
        "test_auroc": 0.27003494801551053,
        "lowest_training_loss": 0.45078654131673224
    },
    "E061": {
        "test_auroc": 0.17482674002985793,
        "lowest_training_loss": 0.4661446981616538
    },
    "E057": {
        "test_auroc": 0.16213051458953098,
        "lowest_training_loss": 0.5706025471701051
    },
    "E038": {
        "test_auroc": 0.8109653178408563,
        "lowest_training_loss": 0.49734955736050124
    },
    "E100": {
        "test_auroc": 0.8820009917540962,
        "lowest_training_loss": 0.4648022516507063
    },
    "E071": {
        "test_auroc": 0.34367047714614696,
        "lowest_training_loss": 0.4635151822909959
    },
    "E112": {
        "test_auroc": 0.4962222456985945,
        "lowest_training_loss": 0.435319534482171
    },
    "E012": {
        "test_auroc": 0.7332811283383457,
        "lowest_training_loss": 0.49209299656013766
    },
    "E047": {
        "test_auroc": 0.8031824154726215,
        "lowest_training_loss": 0.5033967978885286
    },
    "E024": {
        "test_auroc": 0.7564270499472457,
        "lowest_training_loss": 0.5054414892839956
    },
    "E059": {
        "test_auroc": 0.19035438399761534,
        "lowest_training_loss": 0.5221806422533258
    },
    "E028": {
        "test_auroc": 0.8118473963236859,
        "lowest_training_loss": 0.49779322517086233
    },
    "E128": {
        "test_auroc": 0.8196059216341945,
        "lowest_training_loss": 0.49850855669470034
    },
    "E055": {
        "test_auroc": 0.8284661516423862,
        "lowest_training_loss": 0.4841006595618222
    },
    "E082": {
        "test_auroc": 0.7818472997646435,
        "lowest_training_loss": 0.5317469466468032
    },
    "E120": {
        "test_auroc": 0.8339897794730232,
        "lowest_training_loss": 0.5203716785632716
    },
    "E116": {
        "test_auroc": 0.891313510091905,
        "lowest_training_loss": 0.4488143431195277
    },
    "E016": {
        "test_auroc": 0.23164398110663184,
        "lowest_training_loss": 0.5450966602855692
    },
    "E079": {
        "test_auroc": 0.7341712329450749,
        "lowest_training_loss": 0.456054781067637
    },
    "E004": {
        "test_auroc": 0.8074467996084745,
        "lowest_training_loss": 0.5040028261852857
    },
    "E104": {
        "test_auroc": 0.3851005002228136,
        "lowest_training_loss": 0.48828411760051194
    },
    "E094": {
        "test_auroc": 0.2880742967143076,
        "lowest_training_loss": 0.46527687202570417
    },
    "E098": {
        "test_auroc": 0.26546043631025545,
        "lowest_training_loss": 0.4663009605968615
    },
    "E084": {
        "test_auroc": 0.7231611350275424,
        "lowest_training_loss": 0.44848883327289263
    },
    "E096": {
        "test_auroc": 0.7081225579305878,
        "lowest_training_loss": 0.44712409507655476
    },
    "E122": {
        "test_auroc": 0.8263116247444271,
        "lowest_training_loss": 0.5285598079200873
    },
    "E053": {
        "test_auroc": 0.2637079204441633,
        "lowest_training_loss": 0.49915210518020925
    },
    "E006": {
        "test_auroc": 0.8144238723584858,
        "lowest_training_loss": 0.5183820133229468
    },
    "E106": {
        "test_auroc": 0.751278425918772,
        "lowest_training_loss": 0.44465434404870174
    },
    "E065": {
        "test_auroc": 0.7658509915223629,
        "lowest_training_loss": 0.5012892146570964
    },
    "E118": {
        "test_auroc": 0.8320531315330866,
        "lowest_training_loss": 0.4840408666975592
    },
    "E114": {
        "test_auroc": 0.7944126864615878,
        "lowest_training_loss": 0.4859889694392835
    }
}