{
    "E120": {
        "test_auroc": 0.8321750188104218,
        "test_loss": 0.5803515740519349
    },
    "E085": {
        "test_auroc": 0.7191399893703679,
        "test_loss": 0.4411832704424081
    },
    "E104": {
        "test_auroc": 0.778447681721286,
        "test_loss": 0.5513014693648342
    },
    "E024": {
        "test_auroc": 0.7637371278414019,
        "test_loss": 0.5273453748025586
    },
    "E061": {
        "test_auroc": 0.827609824089205,
        "test_loss": 0.6149220229532387
    },
    "E106": {
        "test_auroc": 0.7701664563427679,
        "test_loss": 0.4526197450602255
    },
    "E122": {
        "test_auroc": 0.8249362104380334,
        "test_loss": 0.5710387163059593
    },
    "E087": {
        "test_auroc": 0.7582922912675215,
        "test_loss": 0.489845696951343
    },
    "E047": {
        "test_auroc": 0.8116418977476977,
        "test_loss": 0.6545124879403061
    },
    "E006": {
        "test_auroc": 0.8182196440175233,
        "test_loss": 0.519337729195564
    },
    "E058": {
        "test_auroc": 0.8201502417133335,
        "test_loss": 0.5893676286035006
    },
    "E100": {
        "test_auroc": 0.8675849449170904,
        "test_loss": 0.7118614232411832
    },
    "E098": {
        "test_auroc": 0.7290730439034016,
        "test_loss": 0.48108025690055317
    },
    "E065": {
        "test_auroc": 0.736463295329479,
        "test_loss": 0.5094545153897875
    },
    "E119": {
        "test_auroc": 0.8122857824660725,
        "test_loss": 0.7213563341904322
    },
    "E004": {
        "test_auroc": 0.805210380989205,
        "test_loss": 0.5776970174722063
    },
    "E062": {
        "test_auroc": 0.7949851693429877,
        "test_loss": 0.5944698466592545
    },
    "E027": {
        "test_auroc": 0.7992223978735807,
        "test_loss": 0.6218500878569826
    },
    "E003": {
        "test_auroc": 0.7627610977592422,
        "test_loss": 0.5254765047310734
    },
    "E123": {
        "test_auroc": 0.8797287411713207,
        "test_loss": 0.755424093943537
    },
    "E079": {
        "test_auroc": 0.7152986129825367,
        "test_loss": 0.4505159458428129
    },
    "E084": {
        "test_auroc": 0.7297047863722631,
        "test_loss": 0.4041763635698694
    },
    "E105": {
        "test_auroc": 0.7641418405753269,
        "test_loss": 0.5111843725397891
    },
    "E059": {
        "test_auroc": 0.8770076234179558,
        "test_loss": 0.7492199016372706
    },
    "E038": {
        "test_auroc": 0.7936731784987754,
        "test_loss": 0.6647555489097018
    },
    "E005": {
        "test_auroc": 0.8115473890816185,
        "test_loss": 0.532603690240064
    },
    "E118": {
        "test_auroc": 0.8353946144673992,
        "test_loss": 0.5116921008961371
    },
    "E007": {
        "test_auroc": 0.7674205399496588,
        "test_loss": 0.5341253716132126
    },
    "E127": {
        "test_auroc": 0.8122292234155887,
        "test_loss": 0.6304560230955384
    },
    "E082": {
        "test_auroc": 0.762841904519475,
        "test_loss": 0.5586605132376044
    },
    "E066": {
        "test_auroc": 0.7947945724929204,
        "test_loss": 0.5482417389680458
    },
    "E097": {
        "test_auroc": 0.7513609393594183,
        "test_loss": 0.5239468602424356
    },
    "E012": {
        "test_auroc": 0.7814819180880996,
        "test_loss": 0.48794996306555405
    },
    "E057": {
        "test_auroc": 0.8654615236979065,
        "test_loss": 0.6610926866567512
    },
    "E116": {
        "test_auroc": 0.8754577714478018,
        "test_loss": 0.6395382759371219
    },
    "E114": {
        "test_auroc": 0.8278534227885374,
        "test_loss": 0.6303055348930457
    },
    "E071": {
        "test_auroc": 0.7219232951366591,
        "test_loss": 0.47212028055276334
    },
    "E055": {
        "test_auroc": 0.8341200465095557,
        "test_loss": 0.6102863154628881
    },
    "E095": {
        "test_auroc": 0.8269261563508801,
        "test_loss": 0.6629076618416049
    },
    "E109": {
        "test_auroc": 0.734587791688028,
        "test_loss": 0.45651960199450625
    },
    "E112": {
        "test_auroc": 0.7123631497383929,
        "test_loss": 0.4067911660832059
    },
    "E016": {
        "test_auroc": 0.7769772170709608,
        "test_loss": 0.49124090964638395
    },
    "E053": {
        "test_auroc": 0.800353530968927,
        "test_loss": 0.5336871117881994
    },
    "E070": {
        "test_auroc": 0.7680723214118391,
        "test_loss": 0.5542846331727203
    },
    "E128": {
        "test_auroc": 0.8185097273142757,
        "test_loss": 0.604300432319404
    },
    "E094": {
        "test_auroc": 0.7267101142351892,
        "test_loss": 0.4497870838025926
    },
    "E054": {
        "test_auroc": 0.8002161790026905,
        "test_loss": 0.5738082602111899
    },
    "E011": {
        "test_auroc": 0.7579922784408825,
        "test_loss": 0.4476023971519453
    },
    "E056": {
        "test_auroc": 0.8823547295769518,
        "test_loss": 0.7156193938348553
    },
    "E013": {
        "test_auroc": 0.7878817818758022,
        "test_loss": 0.4768666890384176
    },
    "E096": {
        "test_auroc": 0.7136149069837091,
        "test_loss": 0.4359368093631404
    },
    "E117": {
        "test_auroc": 0.8842559948163311,
        "test_loss": 0.7358656258443567
    },
    "E037": {
        "test_auroc": 0.7793248226141964,
        "test_loss": 0.5437911541620601
    },
    "E113": {
        "test_auroc": 0.7125041020966273,
        "test_loss": 0.4718147725865247
    },
    "E028": {
        "test_auroc": 0.8116974433975157,
        "test_loss": 0.5267644467020606
    },
    "E050": {
        "test_auroc": 0.7747160667562366,
        "test_loss": 0.4665419960701413
    },
    "ave_auroc": 0.7911179063259441
}