{
    "E109": {
        "test_auroc": 0.5027263631402252,
        "test_loss": 0.54966863928843
    },
    "E112": {
        "test_auroc": 0.504319575296537,
        "test_loss": 0.4972526133738089
    },
    "E053": {
        "test_auroc": 0.5110902341117766,
        "test_loss": 0.5626848304526488
    },
    "E016": {
        "test_auroc": 0.5171046381205324,
        "test_loss": 0.552858571455445
    },
    "E057": {
        "test_auroc": 0.5195974020405537,
        "test_loss": 0.8063475211425245
    },
    "E012": {
        "test_auroc": 0.5085229405000564,
        "test_loss": 0.5461400326082195
    },
    "E097": {
        "test_auroc": 0.5076535446192828,
        "test_loss": 0.4941026794200271
    },
    "E116": {
        "test_auroc": 0.5075515512447618,
        "test_loss": 0.7317728662339055
    },
    "E071": {
        "test_auroc": 0.5064358240417554,
        "test_loss": 0.5447574782881102
    },
    "E114": {
        "test_auroc": 0.5058401651628249,
        "test_loss": 0.6305348756766164
    },
    "E095": {
        "test_auroc": 0.5086275645479424,
        "test_loss": 0.6534464240019947
    },
    "E055": {
        "test_auroc": 0.5238910727439405,
        "test_loss": 0.6339074724349756
    },
    "E113": {
        "test_auroc": 0.49863379464655677,
        "test_loss": 0.5207583475279162
    },
    "E050": {
        "test_auroc": 0.5183334155953946,
        "test_loss": 0.5272008662189844
    },
    "E028": {
        "test_auroc": 0.5024653850753181,
        "test_loss": 0.6781717999443713
    },
    "E070": {
        "test_auroc": 0.5071797353337242,
        "test_loss": 0.5688821805757664
    },
    "E128": {
        "test_auroc": 0.5050788008685979,
        "test_loss": 0.6506348944295802
    },
    "E011": {
        "test_auroc": 0.5054153823682215,
        "test_loss": 0.5473222594848813
    },
    "E054": {
        "test_auroc": 0.506323605395535,
        "test_loss": 0.5554361399040089
    },
    "E094": {
        "test_auroc": 0.49962082243713785,
        "test_loss": 0.5476450373299903
    },
    "E096": {
        "test_auroc": 0.49860214379740486,
        "test_loss": 0.5243154009743425
    },
    "E013": {
        "test_auroc": 0.5003972868911818,
        "test_loss": 0.5671221337138441
    },
    "E056": {
        "test_auroc": 0.5324758519202963,
        "test_loss": 0.7592485345311647
    },
    "E037": {
        "test_auroc": 0.5040910153021971,
        "test_loss": 0.6470298686135225
    },
    "E117": {
        "test_auroc": 0.5020912754231818,
        "test_loss": 0.7705135284020211
    },
    "E006": {
        "test_auroc": 0.5023404061451696,
        "test_loss": 0.6719881879284072
    },
    "E065": {
        "test_auroc": 0.5007363543032326,
        "test_loss": 0.6110851707938442
    },
    "E098": {
        "test_auroc": 0.5008925120195963,
        "test_loss": 0.5635228062355466
    },
    "E100": {
        "test_auroc": 0.5017577462807723,
        "test_loss": 0.7139637086072329
    },
    "E119": {
        "test_auroc": 0.5045827607554687,
        "test_loss": 0.6495613625361483
    },
    "E004": {
        "test_auroc": 0.5076599506630559,
        "test_loss": 0.6380177172671959
    },
    "E120": {
        "test_auroc": 0.5039434832866138,
        "test_loss": 0.668923301228397
    },
    "E085": {
        "test_auroc": 0.5032848970754094,
        "test_loss": 0.47528730115331047
    },
    "E061": {
        "test_auroc": 0.5150870799631972,
        "test_loss": 0.6463531146758575
    },
    "E024": {
        "test_auroc": 0.5061683270246367,
        "test_loss": 0.5549633017232495
    },
    "E104": {
        "test_auroc": 0.5020060191722816,
        "test_loss": 0.6196601001967331
    },
    "E106": {
        "test_auroc": 0.5030436014319195,
        "test_loss": 0.4870842695055504
    },
    "E047": {
        "test_auroc": 0.5072692590007227,
        "test_loss": 0.643048936387924
    },
    "E122": {
        "test_auroc": 0.5081269204981863,
        "test_loss": 0.669707505797299
    },
    "E087": {
        "test_auroc": 0.5020280055580563,
        "test_loss": 0.5637433000165295
    },
    "E059": {
        "test_auroc": 0.5110120317995586,
        "test_loss": 0.806748486475925
    },
    "E005": {
        "test_auroc": 0.5045705439500189,
        "test_loss": 0.6432679858517788
    },
    "E118": {
        "test_auroc": 0.5065736009006778,
        "test_loss": 0.6695734498644301
    },
    "E038": {
        "test_auroc": 0.5039747021862977,
        "test_loss": 0.649142253212772
    },
    "E127": {
        "test_auroc": 0.5042939732976408,
        "test_loss": 0.7318180076855862
    },
    "E082": {
        "test_auroc": 0.506777686201407,
        "test_loss": 0.5790417235205169
    },
    "E007": {
        "test_auroc": 0.5033061821774628,
        "test_loss": 0.5659095931273619
    },
    "E066": {
        "test_auroc": 0.49743236629356813,
        "test_loss": 0.6624342870112349
    },
    "E027": {
        "test_auroc": 0.5089376061938584,
        "test_loss": 0.6616458724769152
    },
    "E062": {
        "test_auroc": 0.5132107267565692,
        "test_loss": 0.6456606006810245
    },
    "E123": {
        "test_auroc": 0.5027808121399023,
        "test_loss": 0.7823286723309942
    },
    "E003": {
        "test_auroc": 0.507318746479933,
        "test_loss": 0.5586845860330195
    },
    "E084": {
        "test_auroc": 0.5041909688469194,
        "test_loss": 0.4232785049416503
    },
    "E079": {
        "test_auroc": 0.5030892661682852,
        "test_loss": 0.5196688884999945
    },
    "E105": {
        "test_auroc": 0.5020794126872109,
        "test_loss": 0.5783393128958727
    },
    "ave_auroc": 0.5064099152705921
}