{
    "E056": {
        "test_auroc": 0.8741480084072677,
        "lowest_training_loss": 0.6044076434839887
    },
    "E027": {
        "test_auroc": 0.7992378281294155,
        "lowest_training_loss": 0.6361231243716996
    },
    "E127": {
        "test_auroc": 0.5560989536461105,
        "lowest_training_loss": 0.5633677248342553
    },
    "E011": {
        "test_auroc": 0.33510894336472086,
        "lowest_training_loss": 0.698795507834936
    },
    "E003": {
        "test_auroc": 0.2343756769359513,
        "lowest_training_loss": 0.7439122231815807
    },
    "E058": {
        "test_auroc": 0.21978552690859407,
        "lowest_training_loss": 0.6601975011576192
    },
    "E037": {
        "test_auroc": 0.6890146182999459,
        "lowest_training_loss": 0.5276654721824295
    },
    "E054": {
        "test_auroc": 0.3665809506244624,
        "lowest_training_loss": 0.5269569574711412
    },
    "E062": {
        "test_auroc": 0.35091950304862035,
        "lowest_training_loss": 0.5481910494867556
    },
    "E013": {
        "test_auroc": 0.24122348014999534,
        "lowest_training_loss": 0.8563846464100725
    },
    "E113": {
        "test_auroc": 0.6993439960222094,
        "lowest_training_loss": 0.47053846717332554
    },
    "E070": {
        "test_auroc": 0.5368348874378559,
        "lowest_training_loss": 0.6452487446746086
    },
    "E095": {
        "test_auroc": 0.7735917725177075,
        "lowest_training_loss": 0.5739925065618113
    },
    "E087": {
        "test_auroc": 0.271428732910293,
        "lowest_training_loss": 0.46317164240523834
    },
    "E117": {
        "test_auroc": 0.8956558792150786,
        "lowest_training_loss": 0.4509321769765241
    },
    "E109": {
        "test_auroc": 0.6463320488861692,
        "lowest_training_loss": 0.48826304016211586
    },
    "E105": {
        "test_auroc": 0.7883521104277985,
        "lowest_training_loss": 0.5527549477369474
    },
    "E005": {
        "test_auroc": 0.25825349592778307,
        "lowest_training_loss": 0.5780841861147763
    },
    "E066": {
        "test_auroc": 0.34547422364007335,
        "lowest_training_loss": 0.5439171009268275
    },
    "E050": {
        "test_auroc": 0.4046002092517271,
        "lowest_training_loss": 0.5616343491218733
    },
    "E119": {
        "test_auroc": 0.8062970092678957,
        "lowest_training_loss": 0.5367152365261955
    },
    "E007": {
        "test_auroc": 0.6515752594946078,
        "lowest_training_loss": 0.5627535053757405
    },
    "E123": {
        "test_auroc": 0.8883358407899771,
        "lowest_training_loss": 0.8181593511725115
    },
    "E085": {
        "test_auroc": 0.2741793819216304,
        "lowest_training_loss": 0.5997360730615732
    },
    "E097": {
        "test_auroc": 0.2898978583683655,
        "lowest_training_loss": 0.4958113421630512
    },
    "E061": {
        "test_auroc": 0.30189970465740845,
        "lowest_training_loss": 0.544372715118059
    },
    "E057": {
        "test_auroc": 0.18415457082828843,
        "lowest_training_loss": 0.6274844509409253
    },
    "E038": {
        "test_auroc": 0.7844447877527639,
        "lowest_training_loss": 0.5123027040323417
    },
    "E100": {
        "test_auroc": 0.881140449282187,
        "lowest_training_loss": 0.4868751581968892
    },
    "E071": {
        "test_auroc": 0.7180501681229003,
        "lowest_training_loss": 0.5369052255950553
    },
    "E112": {
        "test_auroc": 0.4335341423679593,
        "lowest_training_loss": 0.4920123190848741
    },
    "E012": {
        "test_auroc": 0.24073473541034157,
        "lowest_training_loss": 0.7815384058152182
    },
    "E047": {
        "test_auroc": 0.724222620143589,
        "lowest_training_loss": 0.5346366067140125
    },
    "E024": {
        "test_auroc": 0.2568842053175061,
        "lowest_training_loss": 0.6700047329915226
    },
    "E059": {
        "test_auroc": 0.36326179683119686,
        "lowest_training_loss": 0.5998307770628883
    },
    "E028": {
        "test_auroc": 0.8039633602362801,
        "lowest_training_loss": 0.528373106078558
    },
    "E128": {
        "test_auroc": 0.3596163875051398,
        "lowest_training_loss": 0.559602750003636
    },
    "E055": {
        "test_auroc": 0.31746528136574653,
        "lowest_training_loss": 0.5820481384705825
    },
    "E082": {
        "test_auroc": 0.25226315220354995,
        "lowest_training_loss": 0.5874265872729227
    },
    "E120": {
        "test_auroc": 0.22479931594150612,
        "lowest_training_loss": 0.5545408835605508
    },
    "E116": {
        "test_auroc": 0.2495715247229634,
        "lowest_training_loss": 0.5017971141746375
    },
    "E016": {
        "test_auroc": 0.5324532309729858,
        "lowest_training_loss": 0.7744993567195683
    },
    "E079": {
        "test_auroc": 0.502968829535587,
        "lowest_training_loss": 0.5549995712715694
    },
    "E004": {
        "test_auroc": 0.3272476600884895,
        "lowest_training_loss": 0.5763657485894838
    },
    "E104": {
        "test_auroc": 0.30669261560319505,
        "lowest_training_loss": 0.5186017055267165
    },
    "E094": {
        "test_auroc": 0.6707859417157568,
        "lowest_training_loss": 0.48224022501577873
    },
    "E098": {
        "test_auroc": 0.6259256283414912,
        "lowest_training_loss": 0.4914087979960156
    },
    "E084": {
        "test_auroc": 0.726215880510423,
        "lowest_training_loss": 0.7753496592164455
    },
    "E096": {
        "test_auroc": 0.394430949943236,
        "lowest_training_loss": 0.5067297684454242
    },
    "E122": {
        "test_auroc": 0.21573854927018107,
        "lowest_training_loss": 0.5518545311509578
    },
    "E053": {
        "test_auroc": 0.6014618722603244,
        "lowest_training_loss": 0.6013124178842612
    },
    "E006": {
        "test_auroc": 0.2917407797277499,
        "lowest_training_loss": 0.5530967260646661
    },
    "E106": {
        "test_auroc": 0.7179258629718338,
        "lowest_training_loss": 0.5100609035731916
    },
    "E065": {
        "test_auroc": 0.7601483515389713,
        "lowest_training_loss": 0.7498127449565319
    },
    "E118": {
        "test_auroc": 0.5381335029628936,
        "lowest_training_loss": 0.5285821796385144
    },
    "E114": {
        "test_auroc": 0.22997652520243717,
        "lowest_training_loss": 0.529977390725305
    }
}