{
    "E096": {
        "test_auroc": 0.6776396985589613,
        "test_loss": 0.46512195063627576
    },
    "E056": {
        "test_auroc": 0.8617037876297134,
        "test_loss": 0.5501843606122826
    },
    "E013": {
        "test_auroc": 0.7009515239727254,
        "test_loss": 0.5185315441467264
    },
    "E037": {
        "test_auroc": 0.8076208930555951,
        "test_loss": 0.5193364821149667
    },
    "E117": {
        "test_auroc": 0.862960751136326,
        "test_loss": 0.5404106778449428
    },
    "E128": {
        "test_auroc": 0.7830250999427398,
        "test_loss": 0.5898278774737372
    },
    "E070": {
        "test_auroc": 0.7401958894537743,
        "test_loss": 0.5445043087656143
    },
    "E054": {
        "test_auroc": 0.7808567896819754,
        "test_loss": 0.49750976973055566
    },
    "E011": {
        "test_auroc": 0.7045908586167919,
        "test_loss": 0.4598160973819653
    },
    "E094": {
        "test_auroc": 0.6796324420708383,
        "test_loss": 0.4637406428727269
    },
    "E050": {
        "test_auroc": 0.7621232278025871,
        "test_loss": 0.521315811691238
    },
    "E028": {
        "test_auroc": 0.7423611203381724,
        "test_loss": 0.5517451591485917
    },
    "E113": {
        "test_auroc": 0.6483657081296097,
        "test_loss": 0.45755155360823385
    },
    "E071": {
        "test_auroc": 0.7176955300342283,
        "test_loss": 0.5107202380827851
    },
    "E114": {
        "test_auroc": 0.773926549540455,
        "test_loss": 0.5861231961249582
    },
    "E095": {
        "test_auroc": 0.7931703720107905,
        "test_loss": 0.5904990257377677
    },
    "E055": {
        "test_auroc": 0.8116603560550114,
        "test_loss": 0.5856143151772317
    },
    "E012": {
        "test_auroc": 0.7425382284372936,
        "test_loss": 0.5131880763409371
    },
    "E057": {
        "test_auroc": 0.8449893214964606,
        "test_loss": 0.6155848116409929
    },
    "E097": {
        "test_auroc": 0.7226811591172241,
        "test_loss": 0.5447246388664784
    },
    "E116": {
        "test_auroc": 0.8638431668309255,
        "test_loss": 0.5128488389943718
    },
    "E112": {
        "test_auroc": 0.6647775247448467,
        "test_loss": 0.46507754120950323
    },
    "E016": {
        "test_auroc": 0.7575231735867196,
        "test_loss": 0.5115347426100646
    },
    "E053": {
        "test_auroc": 0.7446880094366795,
        "test_loss": 0.5255271337132427
    },
    "E109": {
        "test_auroc": 0.7230820116757901,
        "test_loss": 0.47049794270086237
    },
    "E079": {
        "test_auroc": 0.5996467580255047,
        "test_loss": 0.48547474315568717
    },
    "E084": {
        "test_auroc": 0.708716092672314,
        "test_loss": 0.42015994536582135
    },
    "E105": {
        "test_auroc": 0.767862673768637,
        "test_loss": 0.5268085712697699
    },
    "E062": {
        "test_auroc": 0.7421709541252689,
        "test_loss": 0.5503933386710876
    },
    "E027": {
        "test_auroc": 0.755109365633214,
        "test_loss": 0.590973765954513
    },
    "E123": {
        "test_auroc": 0.8841118772601616,
        "test_loss": 0.5503132751137266
    },
    "E003": {
        "test_auroc": 0.6977639166630564,
        "test_loss": 0.5301506878915151
    },
    "E082": {
        "test_auroc": 0.765090505392917,
        "test_loss": 0.529266020990383
    },
    "E127": {
        "test_auroc": 0.805997700591342,
        "test_loss": 0.5480354630587515
    },
    "E007": {
        "test_auroc": 0.664834367535634,
        "test_loss": 0.5506161320691978
    },
    "E066": {
        "test_auroc": 0.7722556872543257,
        "test_loss": 0.5547905259553783
    },
    "E059": {
        "test_auroc": 0.8574256592548132,
        "test_loss": 0.5738428905007693
    },
    "E118": {
        "test_auroc": 0.8097662619350982,
        "test_loss": 0.5372652623876398
    },
    "E005": {
        "test_auroc": 0.7199545176558115,
        "test_loss": 0.6016555228919284
    },
    "E038": {
        "test_auroc": 0.8124262513588243,
        "test_loss": 0.5772315350304558
    },
    "E106": {
        "test_auroc": 0.7460805068376729,
        "test_loss": 0.4548203819752535
    },
    "E047": {
        "test_auroc": 0.7946146288933628,
        "test_loss": 0.5331146247968432
    },
    "E087": {
        "test_auroc": 0.7128435740542162,
        "test_loss": 0.48220034537937706
    },
    "E122": {
        "test_auroc": 0.8200407613524099,
        "test_loss": 0.5810250477012368
    },
    "E085": {
        "test_auroc": 0.6894071653681083,
        "test_loss": 0.4820107526809533
    },
    "E120": {
        "test_auroc": 0.7945778514107222,
        "test_loss": 0.5637004647956791
    },
    "E024": {
        "test_auroc": 0.5940415520815856,
        "test_loss": 0.5876583256503931
    },
    "E061": {
        "test_auroc": 0.811756126078231,
        "test_loss": 0.5589439867842788
    },
    "E104": {
        "test_auroc": 0.7584051868889173,
        "test_loss": 0.5096106276614062
    },
    "E098": {
        "test_auroc": 0.7052944390017515,
        "test_loss": 0.47367358236615
    },
    "E065": {
        "test_auroc": 0.7115867201697234,
        "test_loss": 0.5236737719083783
    },
    "E100": {
        "test_auroc": 0.8456726536194928,
        "test_loss": 0.5838169626201556
    },
    "E058": {
        "test_auroc": 0.7750961117514205,
        "test_loss": 0.7317829919580584
    },
    "E004": {
        "test_auroc": 0.7403418120386968,
        "test_loss": 0.6006374049407164
    },
    "E119": {
        "test_auroc": 0.790163685066766,
        "test_loss": 0.5544433847817396
    },
    "E006": {
        "test_auroc": 0.7339378073723813,
        "test_loss": 0.6072091850635227
    },
    "ave_auroc": 0.7553499350797966
}