{
    "E056": {
        "test_auroc": 0.888231791009569,
        "lowest_training_loss": 0.5197042335393448
    },
    "E027": {
        "test_auroc": 0.7992378281294155,
        "lowest_training_loss": 0.6361231243716996
    },
    "E127": {
        "test_auroc": 0.8248666292351802,
        "lowest_training_loss": 0.5292816380036316
    },
    "E011": {
        "test_auroc": 0.7163095528566615,
        "lowest_training_loss": 0.4760448919275737
    },
    "E003": {
        "test_auroc": 0.7709155394851751,
        "lowest_training_loss": 0.6576082283246693
    },
    "E058": {
        "test_auroc": 0.8310013589480997,
        "lowest_training_loss": 0.485306339154049
    },
    "E037": {
        "test_auroc": 0.7775960447952585,
        "lowest_training_loss": 0.5175845886841676
    },
    "E054": {
        "test_auroc": 0.7993603325960768,
        "lowest_training_loss": 0.49380756716520763
    },
    "E062": {
        "test_auroc": 0.802242866441251,
        "lowest_training_loss": 0.5212146952890602
    },
    "E013": {
        "test_auroc": 0.7981069182840879,
        "lowest_training_loss": 0.48028372059414853
    },
    "E113": {
        "test_auroc": 0.6993439960222094,
        "lowest_training_loss": 0.47053846717332554
    },
    "E070": {
        "test_auroc": 0.7587240681396525,
        "lowest_training_loss": 0.5688523845779583
    },
    "E095": {
        "test_auroc": 0.7966809477861019,
        "lowest_training_loss": 0.5701162151555247
    },
    "E087": {
        "test_auroc": 0.7530055243137966,
        "lowest_training_loss": 0.43394464837144103
    },
    "E117": {
        "test_auroc": 0.9058730192992532,
        "lowest_training_loss": 0.44272618693475635
    },
    "E109": {
        "test_auroc": 0.7278782641771544,
        "lowest_training_loss": 0.4542840890890182
    },
    "E105": {
        "test_auroc": 0.7883521104277985,
        "lowest_training_loss": 0.5527549477369474
    },
    "E005": {
        "test_auroc": 0.631674429736859,
        "lowest_training_loss": 0.5459202873321922
    },
    "E066": {
        "test_auroc": 0.8031888081021159,
        "lowest_training_loss": 0.5115713689369524
    },
    "E050": {
        "test_auroc": 0.4046002092517271,
        "lowest_training_loss": 0.5616343491218733
    },
    "E119": {
        "test_auroc": 0.8255487550757545,
        "lowest_training_loss": 0.4945018930075222
    },
    "E007": {
        "test_auroc": 0.7798192158125654,
        "lowest_training_loss": 0.4968692258540222
    },
    "E123": {
        "test_auroc": 0.9079561632166956,
        "lowest_training_loss": 0.45171583745088184
    },
    "E085": {
        "test_auroc": 0.7375085440091014,
        "lowest_training_loss": 0.5139126788491062
    },
    "E097": {
        "test_auroc": 0.7561696292962364,
        "lowest_training_loss": 0.46700547734263886
    },
    "E061": {
        "test_auroc": 0.831394973879199,
        "lowest_training_loss": 0.5180565663607026
    },
    "E057": {
        "test_auroc": 0.624153172209756,
        "lowest_training_loss": 0.6183829830147126
    },
    "E038": {
        "test_auroc": 0.8133619231480521,
        "lowest_training_loss": 0.5075105907376
    },
    "E100": {
        "test_auroc": 0.8820009917540962,
        "lowest_training_loss": 0.4648022516507063
    },
    "E071": {
        "test_auroc": 0.7259285808274593,
        "lowest_training_loss": 0.4717262748951295
    },
    "E112": {
        "test_auroc": 0.7099096150836929,
        "lowest_training_loss": 0.4715600678717275
    },
    "E012": {
        "test_auroc": 0.769807842265477,
        "lowest_training_loss": 0.5445762417868302
    },
    "E047": {
        "test_auroc": 0.8162903274757959,
        "lowest_training_loss": 0.5162845908357679
    },
    "E024": {
        "test_auroc": 0.7564270499472457,
        "lowest_training_loss": 0.5054414892839956
    },
    "E059": {
        "test_auroc": 0.8783381983021444,
        "lowest_training_loss": 0.5355978086895702
    },
    "E028": {
        "test_auroc": 0.8118473963236859,
        "lowest_training_loss": 0.49779322517086233
    },
    "E128": {
        "test_auroc": 0.8220792984929433,
        "lowest_training_loss": 0.522611094222243
    },
    "E055": {
        "test_auroc": 0.832553631508944,
        "lowest_training_loss": 0.5234400930053378
    },
    "E082": {
        "test_auroc": 0.7818472997646435,
        "lowest_training_loss": 0.5317469466468032
    },
    "E120": {
        "test_auroc": 0.8385527012240422,
        "lowest_training_loss": 0.5263755573763059
    },
    "E116": {
        "test_auroc": 0.891313510091905,
        "lowest_training_loss": 0.4488143431195277
    },
    "E016": {
        "test_auroc": 0.7800881567622064,
        "lowest_training_loss": 0.7183598415299005
    },
    "E079": {
        "test_auroc": 0.7341712329450749,
        "lowest_training_loss": 0.456054781067637
    },
    "E004": {
        "test_auroc": 0.8074467996084745,
        "lowest_training_loss": 0.5040028261852857
    },
    "E104": {
        "test_auroc": 0.7566959041592152,
        "lowest_training_loss": 0.5011851369422079
    },
    "E094": {
        "test_auroc": 0.6707859417157568,
        "lowest_training_loss": 0.48224022501577873
    },
    "E098": {
        "test_auroc": 0.7407947482942379,
        "lowest_training_loss": 0.4747594353356505
    },
    "E084": {
        "test_auroc": 0.726215880510423,
        "lowest_training_loss": 0.7753496592164455
    },
    "E096": {
        "test_auroc": 0.7081225579305878,
        "lowest_training_loss": 0.44712409507655476
    },
    "E122": {
        "test_auroc": 0.8299909261273042,
        "lowest_training_loss": 0.5495109731218246
    },
    "E053": {
        "test_auroc": 0.739192259938623,
        "lowest_training_loss": 0.5239421679103702
    },
    "E006": {
        "test_auroc": 0.8144238723584858,
        "lowest_training_loss": 0.5183820133229468
    },
    "E106": {
        "test_auroc": 0.751278425918772,
        "lowest_training_loss": 0.44465434404870174
    },
    "E065": {
        "test_auroc": 0.7658509915223629,
        "lowest_training_loss": 0.5012892146570964
    },
    "E118": {
        "test_auroc": 0.8341961740201587,
        "lowest_training_loss": 0.48482574761699904
    },
    "E114": {
        "test_auroc": 0.8136531484762961,
        "lowest_training_loss": 0.500400440935404
    }
}