{
    "E096": {
        "test_auroc": 0.6999973010997583,
        "test_loss": 0.4670562428995861
    },
    "E013": {
        "test_auroc": 0.7941341927712571,
        "test_loss": 0.49604116780696106
    },
    "E056": {
        "test_auroc": 0.8832493462123091,
        "test_loss": 0.5124544553798637
    },
    "E037": {
        "test_auroc": 0.7775960447952585,
        "test_loss": 0.5175845886841676
    },
    "E117": {
        "test_auroc": 0.9042381329838114,
        "test_loss": 0.4144407721636999
    },
    "E128": {
        "test_auroc": 0.8179264394691561,
        "test_loss": 0.5190823498469005
    },
    "E070": {
        "test_auroc": 0.7587240681396525,
        "test_loss": 0.5688523845779583
    },
    "E011": {
        "test_auroc": 0.7163095528566615,
        "test_loss": 0.4760448919275737
    },
    "E054": {
        "test_auroc": 0.7993603325960768,
        "test_loss": 0.49380756716520763
    },
    "E094": {
        "test_auroc": 0.6707859417157568,
        "test_loss": 0.48224022501577873
    },
    "E050": {
        "test_auroc": 0.4046002092517271,
        "test_loss": 0.5616343491218733
    },
    "E028": {
        "test_auroc": 0.8118473963236859,
        "test_loss": 0.49779322517086233
    },
    "E113": {
        "test_auroc": 0.6993439960222094,
        "test_loss": 0.47053846717332554
    },
    "E071": {
        "test_auroc": 0.7174015979797032,
        "test_loss": 0.47327397508261254
    },
    "E114": {
        "test_auroc": 0.8136531484762961,
        "test_loss": 0.500400440935404
    },
    "E095": {
        "test_auroc": 0.7966809477861019,
        "test_loss": 0.5701162151555247
    },
    "E055": {
        "test_auroc": 0.8284661516423862,
        "test_loss": 0.4841006595618222
    },
    "E057": {
        "test_auroc": 0.624153172209756,
        "test_loss": 0.6183829830147126
    },
    "E012": {
        "test_auroc": 0.769807842265477,
        "test_loss": 0.5445762417868302
    },
    "E097": {
        "test_auroc": 0.7561696292962364,
        "test_loss": 0.46700547734263886
    },
    "E116": {
        "test_auroc": 0.891313510091905,
        "test_loss": 0.4488143431195277
    },
    "E112": {
        "test_auroc": 0.7099096150836929,
        "test_loss": 0.4715600678717275
    },
    "E053": {
        "test_auroc": 0.7123113663203703,
        "test_loss": 0.5969250699110206
    },
    "E016": {
        "test_auroc": 0.7800881567622064,
        "test_loss": 0.7183598415299005
    },
    "E109": {
        "test_auroc": 0.7278782641771544,
        "test_loss": 0.4542840890890182
    },
    "E084": {
        "test_auroc": 0.7231611350275424,
        "test_loss": 0.44848883327289263
    },
    "E079": {
        "test_auroc": 0.7341712329450749,
        "test_loss": 0.456054781067637
    },
    "E105": {
        "test_auroc": 0.7744854852079622,
        "test_loss": 0.48934418005492986
    },
    "E027": {
        "test_auroc": 0.7992378281294155,
        "test_loss": 0.6361231243716996
    },
    "E062": {
        "test_auroc": 0.7994253424101257,
        "test_loss": 0.5197388969516509
    },
    "E123": {
        "test_auroc": 0.9079561632166956,
        "test_loss": 0.45171583745088184
    },
    "E003": {
        "test_auroc": 0.7709155394851751,
        "test_loss": 0.6576082283246693
    },
    "E082": {
        "test_auroc": 0.7818472997646435,
        "test_loss": 0.5317469466468032
    },
    "E127": {
        "test_auroc": 0.8248666292351802,
        "test_loss": 0.5292816380036316
    },
    "E007": {
        "test_auroc": 0.7798192158125654,
        "test_loss": 0.4968692258540222
    },
    "E066": {
        "test_auroc": 0.8031888081021159,
        "test_loss": 0.5115713689369524
    },
    "E059": {
        "test_auroc": 0.8783381983021444,
        "test_loss": 0.5355978086895702
    },
    "E118": {
        "test_auroc": 0.8341961740201587,
        "test_loss": 0.48482574761699904
    },
    "E005": {
        "test_auroc": 0.631674429736859,
        "test_loss": 0.5459202873321922
    },
    "E038": {
        "test_auroc": 0.8109653178408563,
        "test_loss": 0.49734955736050124
    },
    "E106": {
        "test_auroc": 0.751278425918772,
        "test_loss": 0.44465434404870174
    },
    "E047": {
        "test_auroc": 0.8162903274757959,
        "test_loss": 0.5162845908357679
    },
    "E087": {
        "test_auroc": 0.7512175119262687,
        "test_loss": 0.4414136900275842
    },
    "E122": {
        "test_auroc": 0.8263116247444271,
        "test_loss": 0.5285598079200873
    },
    "E085": {
        "test_auroc": 0.7375085440091014,
        "test_loss": 0.5139126788491062
    },
    "E120": {
        "test_auroc": 0.8339897794730232,
        "test_loss": 0.5203716785632716
    },
    "E061": {
        "test_auroc": 0.831394973879199,
        "test_loss": 0.5180565663607026
    },
    "E024": {
        "test_auroc": 0.7564270499472457,
        "test_loss": 0.5054414892839956
    },
    "E104": {
        "test_auroc": 0.7566959041592152,
        "test_loss": 0.5011851369422079
    },
    "E065": {
        "test_auroc": 0.7658509915223629,
        "test_loss": 0.5012892146570964
    },
    "E098": {
        "test_auroc": 0.7407947482942379,
        "test_loss": 0.4747594353356505
    },
    "E100": {
        "test_auroc": 0.881140449282187,
        "test_loss": 0.4868751581968892
    },
    "E058": {
        "test_auroc": 0.8310013589480997,
        "test_loss": 0.485306339154049
    },
    "E004": {
        "test_auroc": 0.8074467996084745,
        "test_loss": 0.5040028261852857
    },
    "E119": {
        "test_auroc": 0.8255487550757545,
        "test_loss": 0.4945018930075222
    },
    "E006": {
        "test_auroc": 0.8144238723584858,
        "test_loss": 0.5183820133229468
    },
    "ave_auroc": 0.7758485048604958
}