{
    "E006": {
        "test_auroc": 0.8162959814695367,
        "test_loss": 0.6175993917493255
    },
    "E100": {
        "test_auroc": 0.8673120327302828,
        "test_loss": 0.7083515217037875
    },
    "E058": {
        "test_auroc": 0.8150932830607512,
        "test_loss": 0.6212504502406748
    },
    "E098": {
        "test_auroc": 0.7377501406862013,
        "test_loss": 0.5125922951460499
    },
    "E065": {
        "test_auroc": 0.7641417423378486,
        "test_loss": 0.5848666728581915
    },
    "E004": {
        "test_auroc": 0.8083482091545799,
        "test_loss": 0.5616255301642783
    },
    "E119": {
        "test_auroc": 0.8164923843715406,
        "test_loss": 0.5882820198350519
    },
    "E085": {
        "test_auroc": 0.7409176282158405,
        "test_loss": 0.4732745695208101
    },
    "E120": {
        "test_auroc": 0.8346347336515479,
        "test_loss": 0.5964901587159702
    },
    "E104": {
        "test_auroc": 0.7857934240584626,
        "test_loss": 0.522455970861884
    },
    "E061": {
        "test_auroc": 0.8174531924660664,
        "test_loss": 0.6201201041069684
    },
    "E024": {
        "test_auroc": 0.764786665567029,
        "test_loss": 0.5393053032836174
    },
    "E106": {
        "test_auroc": 0.7561838660107996,
        "test_loss": 0.4443892876054186
    },
    "E087": {
        "test_auroc": 0.7401025804200666,
        "test_loss": 0.46948939994625816
    },
    "E122": {
        "test_auroc": 0.8236607153433739,
        "test_loss": 0.602427124597637
    },
    "E047": {
        "test_auroc": 0.8197278510110463,
        "test_loss": 0.6337592521182909
    },
    "E059": {
        "test_auroc": 0.8763400293824515,
        "test_loss": 0.7954359664616304
    },
    "E038": {
        "test_auroc": 0.7823661247908199,
        "test_loss": 0.5242994511075069
    },
    "E118": {
        "test_auroc": 0.825813328435177,
        "test_loss": 0.6514815978070037
    },
    "E005": {
        "test_auroc": 0.8007872839552277,
        "test_loss": 0.4982197373965409
    },
    "E007": {
        "test_auroc": 0.7639371326849485,
        "test_loss": 0.4839924988971437
    },
    "E082": {
        "test_auroc": 0.7779111973067234,
        "test_loss": 0.6349227525292698
    },
    "E127": {
        "test_auroc": 0.8144223766358095,
        "test_loss": 0.5834054004717762
    },
    "E066": {
        "test_auroc": 0.7848292094615624,
        "test_loss": 0.6039103608032383
    },
    "E027": {
        "test_auroc": 0.7803520817839031,
        "test_loss": 0.5485133744558277
    },
    "E062": {
        "test_auroc": 0.7979480613477143,
        "test_loss": 0.655492667919111
    },
    "E003": {
        "test_auroc": 0.7665757387295151,
        "test_loss": 0.47620193217764556
    },
    "E123": {
        "test_auroc": 0.8863872709275683,
        "test_loss": 0.7525392981646765
    },
    "E079": {
        "test_auroc": 0.7327646694812908,
        "test_loss": 0.4451409353710439
    },
    "E084": {
        "test_auroc": 0.7193034532240893,
        "test_loss": 0.4165183862122655
    },
    "E105": {
        "test_auroc": 0.7643227503892641,
        "test_loss": 0.536361942006473
    },
    "E109": {
        "test_auroc": 0.7438322556104984,
        "test_loss": 0.4408921727415683
    },
    "E112": {
        "test_auroc": 0.7216463891706494,
        "test_loss": 0.38300226875664845
    },
    "E053": {
        "test_auroc": 0.7906584729611854,
        "test_loss": 0.5497894701640389
    },
    "E016": {
        "test_auroc": 0.773239736196171,
        "test_loss": 0.5050227515567735
    },
    "E097": {
        "test_auroc": 0.7525285273672592,
        "test_loss": 0.42441797950366456
    },
    "E057": {
        "test_auroc": 0.8567653322280503,
        "test_loss": 0.7680722589797824
    },
    "E012": {
        "test_auroc": 0.7858312282316057,
        "test_loss": 0.4576868643738274
    },
    "E116": {
        "test_auroc": 0.8808726052258359,
        "test_loss": 0.7119905305700228
    },
    "E114": {
        "test_auroc": 0.828187800778337,
        "test_loss": 0.6030654121533079
    },
    "E071": {
        "test_auroc": 0.7237455426184252,
        "test_loss": 0.5908414607014063
    },
    "E055": {
        "test_auroc": 0.8357209455110125,
        "test_loss": 0.6760593358722622
    },
    "E095": {
        "test_auroc": 0.8067424446145254,
        "test_loss": 0.6059394922873749
    },
    "E113": {
        "test_auroc": 0.7349366039612165,
        "test_loss": 0.45309472669520773
    },
    "E028": {
        "test_auroc": 0.803121002046193,
        "test_loss": 0.6017177558512656
    },
    "E050": {
        "test_auroc": 0.7926260718698759,
        "test_loss": 0.5085260682671977
    },
    "E128": {
        "test_auroc": 0.8325897622148392,
        "test_loss": 0.6472351365293971
    },
    "E070": {
        "test_auroc": 0.7633552594591556,
        "test_loss": 0.5786112957657044
    },
    "E094": {
        "test_auroc": 0.7297632800833722,
        "test_loss": 0.4680655010906299
    },
    "E011": {
        "test_auroc": 0.7575952455645022,
        "test_loss": 0.46001813519049795
    },
    "E054": {
        "test_auroc": 0.7800419827929679,
        "test_loss": 0.4918107828155004
    },
    "E013": {
        "test_auroc": 0.7864198292118074,
        "test_loss": 0.5655500497784743
    },
    "E056": {
        "test_auroc": 0.873967323041397,
        "test_loss": 0.7928679892921766
    },
    "E096": {
        "test_auroc": 0.7328605034232502,
        "test_loss": 0.4445895655364435
    },
    "E117": {
        "test_auroc": 0.8844811914124099,
        "test_loss": 0.7046306133631668
    },
    "E037": {
        "test_auroc": 0.8031181147237341,
        "test_loss": 0.6516178918820864
    },
    "ave_auroc": 0.7920964748108806
}