{
    "E056": {
        "mean": 0.6743533623163253,
        "sd": 0.2832506909761654
    },
    "E027": {
        "mean": 0.5954922369850817,
        "sd": 0.22849204815035293
    },
    "E127": {
        "mean": 0.4330634738524835,
        "sd": 0.22985719773258098
    },
    "E011": {
        "mean": 0.3839188240390792,
        "sd": 0.16918862841409787
    },
    "E003": {
        "mean": 0.47402666586099407,
        "sd": 0.24123851922633321
    },
    "E058": {
        "mean": 0.4781999134234364,
        "sd": 0.2832386544133876
    },
    "E037": {
        "mean": 0.5941731741372923,
        "sd": 0.14651536547103897
    },
    "E054": {
        "mean": 0.7005444529073295,
        "sd": 0.16747985651778122
    },
    "E062": {
        "mean": 0.5277512841319721,
        "sd": 0.22512384571648833
    },
    "E013": {
        "mean": 0.599632181600476,
        "sd": 0.23667945477252317
    },
    "E113": {
        "mean": 0.5749832104085523,
        "sd": 0.1157852186608573
    },
    "E070": {
        "mean": 0.6016420633582042,
        "sd": 0.18294644582443914
    },
    "E095": {
        "mean": 0.514630441051749,
        "sd": 0.2668934338214543
    },
    "E087": {
        "mean": 0.4638448474942519,
        "sd": 0.2353915857236847
    },
    "E117": {
        "mean": 0.7541782737599146,
        "sd": 0.2942072187138959
    },
    "E109": {
        "mean": 0.6197348140307936,
        "sd": 0.1682469731954305
    },
    "E105": {
        "mean": 0.48302686482732354,
        "sd": 0.24389788986758304
    },
    "E005": {
        "mean": 0.4168075521642912,
        "sd": 0.1552346068943802
    },
    "E066": {
        "mean": 0.5934926542633514,
        "sd": 0.1789937233247569
    },
    "E050": {
        "mean": 0.31267809497135846,
        "sd": 0.05840907213460335
    },
    "E119": {
        "mean": 0.452076890571839,
        "sd": 0.29732970457807806
    },
    "E007": {
        "mean": 0.6242074140815989,
        "sd": 0.18035496666908618
    },
    "E123": {
        "mean": 0.8904389593693436,
        "sd": 0.021676238545796315
    },
    "E085": {
        "mean": 0.4835487767076058,
        "sd": 0.180083279659309
    },
    "E097": {
        "mean": 0.46872799261082554,
        "sd": 0.22316579683232532
    },
    "E061": {
        "mean": 0.4561681088853883,
        "sd": 0.2966787193320038
    },
    "E057": {
        "mean": 0.2775890470813792,
        "sd": 0.1758324719620847
    },
    "E038": {
        "mean": 0.6210688704053695,
        "sd": 0.2358039484879389
    },
    "E100": {
        "mean": 0.46410434555717545,
        "sd": 0.3411384825307477
    },
    "E071": {
        "mean": 0.5677719047879997,
        "sd": 0.18705419900177192
    },
    "E112": {
        "mean": 0.47111229287286455,
        "sd": 0.1374138559882251
    },
    "E012": {
        "mean": 0.4535409969158278,
        "sd": 0.24405378056767715
    },
    "E047": {
        "mean": 0.7634610840771877,
        "sd": 0.0536183413531412
    },
    "E024": {
        "mean": 0.5337741695129268,
        "sd": 0.1953257525434241
    },
    "E059": {
        "mean": 0.49786279672676653,
        "sd": 0.2277570015918332
    },
    "E028": {
        "mean": 0.5920583316882801,
        "sd": 0.256722607677845
    },
    "E128": {
        "mean": 0.6508499968241824,
        "sd": 0.20838010470839713
    },
    "E055": {
        "mean": 0.6135808541983263,
        "sd": 0.26699821451316436
    },
    "E082": {
        "mean": 0.5661274525781852,
        "sd": 0.2485621851023101
    },
    "E120": {
        "mean": 0.5849779022047951,
        "sd": 0.3035518880089748
    },
    "E116": {
        "mean": 0.6536382639039126,
        "sd": 0.2885354392380369
    },
    "E016": {
        "mean": 0.5088557771251848,
        "sd": 0.23239560944965076
    },
    "E079": {
        "mean": 0.4417622674025944,
        "sd": 0.1680813696935462
    },
    "E004": {
        "mean": 0.6361846096595171,
        "sd": 0.17580368895382392
    },
    "E104": {
        "mean": 0.4020557516148064,
        "sd": 0.1829379772126901
    },
    "E094": {
        "mean": 0.44785438376785364,
        "sd": 0.17450343562541518
    },
    "E098": {
        "mean": 0.4335764603910177,
        "sd": 0.20720086470680363
    },
    "E084": {
        "mean": 0.5604228000740636,
        "sd": 0.19507965324701246
    },
    "E096": {
        "mean": 0.60406933213537,
        "sd": 0.11464633789053347
    },
    "E122": {
        "mean": 0.7024764801902907,
        "sd": 0.24340160882723225
    },
    "E053": {
        "mean": 0.5116541749175599,
        "sd": 0.21656882870881536
    },
    "E006": {
        "mean": 0.3782290794953998,
        "sd": 0.22358403681189795
    },
    "E106": {
        "mean": 0.6205408843905328,
        "sd": 0.09865213571307022
    },
    "E065": {
        "mean": 0.5900973179270315,
        "sd": 0.2069728710187651
    },
    "E118": {
        "mean": 0.765965586331672,
        "sd": 0.11428955784082208
    },
    "E114": {
        "mean": 0.4875244039583448,
        "sd": 0.2625159457590465
    }
}