epoch,train_loss,val_loss,val_acc,val_auroc
0,4.360897541551956,9.158843011996261,0.26185785725109867,0.6861605148939456
1,4.627041689969135,3.5094340151413803,0.7485982724655251,0.6641237278892418
2,4.239784255309942,3.3069190312098473,0.7490528868010304,0.6656875091013398
3,4.844342923549147,0.6809067982293419,0.7428398242157903,0.6796124979354007
4,4.363137391033019,5.167344752469376,0.7490528868010304,0.6308277894568125
5,4.585185495501739,1.1328484174933897,0.5479618123958175,0.6831524304608771
6,4.596954864884059,8.927099295828736,0.7490528868010304,0.4205350415021096
7,4.664387200181819,5.025899335893289,0.7490528868010304,0.6288388718345662
8,4.38311276272908,3.0778232475612577,0.5087134414305198,0.6838756510206694
9,4.616061944530884,9.747884539134592,0.7490528868010304,0.36787878188156575
10,4.621977131987073,7.70685446777205,0.7490528868010304,0.4577019813311363
11,4.500011936536899,2.663499330386806,0.5331110774359752,0.6839158435146174
12,4.610065042019649,1.3181835387869123,0.590392483709653,0.6832652504248921
13,4.337598651661116,4.655770762686767,0.4865888771025913,0.6847645281816575
14,4.344156651523804,0.706176189892869,0.7426882861039551,0.6806058877972168
15,4.182286701846943,13.057860058647767,0.7490528868010304,0.3378664113893556
