epoch,train_loss,val_loss,val_acc,val_auroc
0,30.052105572679256,17.19908418177041,0.6197908774056675,0.24594518950278266
