epoch,train_loss,val_loss,val_acc,val_auroc
0,1.9117582112410734,1.2668029003602879,0.5014396120624337,0.6783293141036639
1,2.1631522243208803,1.4991173491204828,0.7534474920442491,0.6740317381515961
2,1.9664331327551945,1.4156649454125203,0.7534474920442491,0.6774984782637719
3,1.980209125851407,0.7368464990174487,0.7534474920442491,0.6773990276711229
4,1.9791198139353978,2.7801074788035325,0.7534474920442491,0.6722937942335716
5,1.9013156730454155,0.9564063194611341,0.5847855735717533,0.6782774563987339
6,1.9597388271997147,3.3060082531771093,0.7534474920442491,0.6617929489344385
7,1.9505005361730916,1.641707336817714,0.7534474920442491,0.6791697303300449
8,1.9296398919574203,1.469438461810102,0.7534474920442491,0.6774176321635949
9,1.9185640099265753,2.560234966847477,0.7534474920442491,0.6747832113059934
10,1.9727026048727623,1.5836466152499276,0.7534474920442491,0.675453343888653
11,1.97705494717739,1.999406391715512,0.7534474920442491,0.6762029009657524
