epoch,train_loss,val_loss,val_acc,val_auroc
0,2.942658620303211,6.833417493297325,0.4876496438854372,0.1378279401837987
