epoch,train_loss,val_loss,val_acc,val_auroc
0,30.339872742762125,5.645249444077387,0.8228519472647371,0.7902143790228199
1,26.231326376493996,86.24859124310976,0.4726473708137597,0.22415347678339145
2,25.708788009873302,4.863604938971272,0.8220942567055615,0.7482387997708367
