epoch,train_loss,val_loss,val_acc,val_auroc
0,63.296449174951796,30.830447818243353,0.5690256099409001,0.7145190671395492
