epoch,train_loss,val_loss,val_acc,val_auroc
0,45.276245346429185,58.75533540416151,0.8060312168510381,0.36015551560443687
1,42.04532157393871,27.336715491292406,0.4787088952871647,0.3886793658347434
2,43.130256582018205,8.301135683514923,0.7993635399302925,0.3581958544839255
3,45.59315839039952,61.3891251047988,0.805879678739203,0.3616505980917466
4,43.39019916526909,13.902292917808708,0.8060312168510381,0.35698645187065237
5,44.93404557571608,57.459146476637365,0.8060312168510381,0.36111838162718557
6,43.91123286896284,39.763337068139975,0.8060312168510381,0.3563886538823086
7,42.112233186783364,64.10460137836787,0.8060312168510381,0.3605768383389735
8,43.41583596801989,54.94587934580301,0.8060312168510381,0.3602475353684903
9,41.48500406411511,32.232800979255856,0.36990453098954384,0.3791502896456101
10,41.43538371850765,35.79894979313695,0.8060312168510381,0.35574400145704077
11,41.32306679235587,87.92026429018084,0.8060312168510381,0.36653888183869143
12,41.05747105508415,65.35440787222733,0.3762691316866192,0.6229186495346869
13,40.03674085206345,54.62086855395127,0.8060312168510381,0.3610699849595788
