epoch,train_loss,val_loss,val_acc,val_auroc
0,953.1947643605483,514.046374213896,0.7490528868010304,0.49412835308018654
1,883.0168477749352,887.6256520282429,0.7489013486891953,0.4954413282434243
2,921.467539008485,1688.2345886184223,0.7490528868010304,0.49584930038184094
