epoch,train_loss,val_loss,val_acc,val_auroc
0,4.301095102570024,9.185554251198987,0.7490528868010304,0.34042297163509416
1,4.906096173870074,2.904987631177953,0.5120472798908926,0.6840878527288383
2,4.595083840111202,2.517792948850791,0.7490528868010304,0.6812931916602896
3,4.61098858789524,7.508621176404773,0.7490528868010304,0.43491234860012845
4,4.48345707397886,9.045917091884114,0.7490528868010304,0.33509654994473226
5,4.518281087313191,0.564348102826244,0.7299590847098045,0.6823909109744811
6,4.439405252254629,2.5335756730520287,0.5378087589028641,0.684549150166976
7,4.6790412838015705,0.739155103300788,0.7476890437945143,0.68251484801129
8,4.627922065331369,0.631396329336084,0.7254129413547508,0.682451871626396
9,4.772728781245625,6.180036685560342,0.7490528868010304,0.5721032573267618
10,4.47074640749223,5.073816245388743,0.7490528868010304,0.661538275470802
11,4.439714190851181,1.2421877911382957,0.7490528868010304,0.6829200103400993
12,4.679561315097309,7.578005726580584,0.7490528868010304,0.3893777957605593
13,4.652740991536478,1.6962220533307095,0.58084558266404,0.6826780002169663
14,4.1521954813460935,4.420569097152134,0.4318836187301106,0.6822743649585956
15,4.484289989884757,0.881386849316237,0.6132747385967571,0.6825668905718427
16,4.555711962776051,7.195806957949543,0.7490528868010304,0.47817468170965427
17,4.3606162093989616,7.26878002864481,0.3223215638733141,0.6840576778169685
18,4.4964775013587195,7.092805637845777,0.7490528868010304,0.44885944941414246
19,4.088210995295929,8.155444874006937,0.7490528868010304,0.38697455338687115
20,4.435320204867614,1.7535969353675986,0.7485982724655251,0.6821563529550889
21,4.250324140084225,2.00900994230173,0.7489013486891953,0.6798620212450927
