epoch,train_loss,val_loss,val_acc,val_auroc
0,5.603626756600168,12.208514417476916,0.5049249886346416,0.7884602261601239
1,5.607540918780305,10.242435237389113,0.5450825882709501,0.7930211582547259
2,5.019449489588881,5.449911531778444,0.6679799969692377,0.793114616938076
3,5.191289096578429,1.8913612102699886,0.7248067889074102,0.7944562682590575
4,5.361610008380795,1.7196625371939631,0.731777542051826,0.7927515126460971
5,5.306948651543421,14.095618428199792,0.4318836187301106,0.7915006992094089
6,5.059004586146517,6.746210298568557,0.6334293074708289,0.7107575889439861
7,4.860656200204587,7.040585396054622,0.6334293074708289,0.6570368454677978
8,5.545752353208646,4.701808188355028,0.6332777693589938,0.7735069357221833
9,5.261915920394571,10.213157290779364,0.5406879830277315,0.7938082386054579
10,5.155151038842592,6.204102858248435,0.639490831944234,0.7948953262746479
11,4.838316250523034,0.8317306885341385,0.73041369904531,0.7941550247146296
12,4.98827771747414,2.1990194038868602,0.7225337172298834,0.7952404805655389
13,5.023047720921692,0.8792105707043426,0.7288983179269586,0.7927469138854879
14,4.877937636938686,1.718880773764846,0.6353993029246856,0.7935710315662885
15,5.05530850506855,6.428454620365953,0.6334293074708289,0.7338217579726687
16,4.965409368470792,12.149690774014942,0.4649189271101682,0.7925666721390269
17,4.719922177302763,6.413914900292843,0.6364600697075314,0.7934751498800368
18,5.2064507120751955,4.739905638881914,0.6661615396272162,0.7950480743555306
19,4.642782645679673,3.987580868055792,0.6334293074708289,0.7789546374297576
20,4.836270363985869,6.386033385499785,0.6334293074708289,0.7294140684493375
21,4.557697814348015,9.542511922804799,0.5302318533111078,0.7924156547745025
22,4.764696532080509,10.880421443823016,0.4894681012274587,0.7926254670461715
23,4.945301596617804,2.6032783739818623,0.711471435065919,0.7947905437614103
24,4.485639931686287,9.60064955548204,0.47840581906349444,0.7933884657150033
25,4.511275310157953,0.8861908941562292,0.7345052280648583,0.7922760106889043
26,4.358377965440677,18.40950349338634,0.6334293074708289,0.24233475614701
27,4.29387548470573,5.101223901539684,0.6334293074708289,0.7593212427136841
