epoch,train_loss,val_loss,val_acc,val_auroc
0,5.753325358220602,0.8768297448485597,0.7279890892559479,0.7903968977651012
1,5.095416686845234,5.014174099925215,0.6310046976814669,0.7918700340802777
2,5.450994334955761,1.1367278091111568,0.7279890892559479,0.7931082380120695
3,5.093184747412668,11.60863540078279,0.4764358236096378,0.7889768697176064
4,5.50737357316622,7.621004139587615,0.631156235793302,0.7916754521125617
5,4.702448927718485,1.728185752825875,0.6334293074708289,0.7930185869047078
6,5.2405932441608964,1.2766192380289794,0.640703136838915,0.7925125748905693
7,5.280215810800903,4.638338971705234,0.6310046976814669,0.7929610776725723
8,5.300738481558314,2.8002671693957093,0.6310046976814669,0.7933460878887437
9,5.427855353045417,8.748584453075795,0.631156235793302,0.7888869219160117
10,5.132805963414494,3.2438819452856036,0.631156235793302,0.793459721779928
11,5.138227702252954,6.227876314919615,0.631156235793302,0.7932289431158037
12,4.966568384735598,4.422713853027048,0.680254584027883,0.7914000704154311
13,5.219623369589992,4.582566722159423,0.692226094862858,0.7899313845137478
14,4.826162110640977,10.72093782426372,0.4637066222154872,0.7888539394071259
15,4.775367967178107,10.300557545377082,0.631156235793302,0.78240479576558
16,4.57426057123455,9.200581145369657,0.505379602970147,0.7889270745355252
17,4.750365948528932,2.7240508342262544,0.7129868161842703,0.7902833627719945
18,4.658976238376174,1.9647777545522571,0.7229883315653887,0.7905677441941883
19,4.703973888827013,4.00787066473963,0.6819215032580694,0.791281442171327
20,4.84424278278715,3.295032141081834,0.6988937717836036,0.7901918326011579
21,4.832711863326275,6.388019590960215,0.6358539172601909,0.7884113705097799
22,4.695321500599429,0.8496968156913136,0.7272313986967722,0.7919444548836858
23,4.496768973165976,10.693100372143343,0.4962873162600394,0.7881657571340128
24,4.404251436606232,2.982567000847944,0.7055614487043491,0.7890444665536592
25,4.506386627248657,4.2434256134981245,0.662221548719503,0.7908701250665089
