epoch,train_loss,val_loss,val_acc,val_auroc
0,4.478261771048898,4.389038437983361,0.7490528868010304,0.46283904628709316
1,4.855238009915422,2.9458724170909685,0.5075011365358387,0.6874639000548279
2,4.441204829475414,5.982228200640493,0.7490528868010304,0.3524181710142973
3,4.437019501622653,2.6848989879205236,0.7490528868010304,0.647264137251625
4,4.71101536400247,0.9502636388786491,0.6200939536293377,0.6851110510056186
5,4.402905515476255,0.8136503845656491,0.6651007728443704,0.6817676219042006
6,4.752731527807424,2.640409747368098,0.7490528868010304,0.642448428998799
7,4.6839036010832364,6.237834058687314,0.7490528868010304,0.36775765465436405
8,4.269759577753906,7.780562989728742,0.7490528868010304,0.33186325316335696
9,4.5898139222063135,5.061905736759912,0.7490528868010304,0.37912730489903745
10,4.247636899096909,8.176149555292431,0.7490528868010304,0.32954497698888097
11,4.799432253833973,1.5969913411563157,0.7490528868010304,0.6768194250201085
12,4.357234522978056,6.605669408336627,0.3032277617820882,0.689219236982763
13,4.537349801656784,11.0391828823422,0.3411122897408698,0.6886057822461081
14,4.470214895776482,5.932261225779429,0.7490528868010304,0.35511369466996223
15,4.489920002960006,2.838770061862308,0.7490528868010304,0.6400132403115322
16,4.3112191941611515,6.825626275143439,0.7490528868010304,0.3567596322716651
17,3.9197785383572197,6.502940931000806,0.3061069859069556,0.6880888994439998
18,4.511819020042385,0.6555032806335787,0.7076829822700409,0.6828736484815789
19,4.52010809441266,5.948443957758159,0.7489013486891953,0.3521292492872857
20,3.923729755423578,0.7432162506252659,0.7458705864524928,0.6845851279465129
21,4.162692014024662,0.6220436492532035,0.6804061221397182,0.685944220637001
22,3.9063305508676742,7.765090627911633,0.2768601303227762,0.6879721701796616
23,3.9069639173612822,4.674924942088283,0.7490528868010304,0.43527560811609833
24,3.901598290938973,10.849582805653778,0.2597363236854069,0.6878707116197111
25,3.928744648375065,3.147979169754318,0.7490528868010304,0.5939990041057427
26,4.054328297174127,5.364613242972383,0.7490528868010304,0.3588416401078576
27,3.7414413040732772,3.630245205271802,0.7490528868010304,0.48839621931565746
