epoch,train_loss,val_loss,val_acc,val_auroc
0,70.13785148039065,82.8971353580887,0.6978330050007577,0.31466729177761305
1,68.31534035109375,15.27533966448293,0.6220639490831944,0.2805226755184119
2,69.95765961313053,56.2912209191852,0.5506894984088498,0.48188196511358183
