epoch,train_loss,val_loss,val_acc,val_auroc
0,24.673329130341237,3.385236148953078,0.7131383542961055,0.7698958111025948
1,25.134106229590472,6.899526248503533,0.6140324291559327,0.5601382459842912
