epoch,train_loss,val_loss,val_acc,val_auroc
0,5.264246494341193,1.088394892307859,0.7348083042885286,0.7744739116761048
1,5.251919761934611,13.196579636182003,0.6334293074708289,0.24901166206131284
2,5.338512146214605,12.109179167697638,0.6334293074708289,0.25794522431072986
3,5.204117491346794,10.286797933496116,0.5435672071525989,0.7897091110842988
4,5.352556477425441,19.3276392703599,0.38293680860736473,0.7898336237640212
5,5.423467788430376,17.237261188158502,0.3970298530080315,0.7897937183897019
6,5.06591547003369,2.784360104066745,0.7072283679345356,0.7898517221122257
7,4.922884437455826,7.477602202416478,0.5984240036369147,0.7915600380559803
8,4.958323549097064,0.8711175015341569,0.7141991210789513,0.7738496670101727
9,4.975016586345911,5.177097632715532,0.6620700106076678,0.7927342054825139
10,4.8359442192472315,4.086344473830569,0.6896499469616608,0.7889473486414371
11,5.05126109833536,2.514568905484263,0.719806031216851,0.784439178671245
12,4.8142285021096765,11.602060640846387,0.6334293074708289,0.2587054538333884
13,5.178240448708972,3.923765537431338,0.6981360812244279,0.78363310988961
14,4.910209055363359,3.103002454570106,0.7011668434611305,0.7876895134412378
15,5.33637943056826,10.148164617634123,0.5108349749962116,0.788765573974773
16,4.6617812539505445,13.783849851166341,0.6334293074708289,0.2462912231912036
17,4.909771702328962,3.789271636340885,0.6969237763297469,0.7880925231075357
18,4.588801908283491,0.9275928466748895,0.7292013941506289,0.7627598794234638
19,4.528636397945464,4.049133161465893,0.6813153508107289,0.7871346457767554
20,4.757296878111184,7.016876491818903,0.6334293074708289,0.3566721588065771
21,4.779436604635952,2.101384576368845,0.6328231550234884,0.7270401189941671
22,4.744938786670391,10.330175180980014,0.5105318987725413,0.789623860941391
23,4.5552573637233245,7.861156093078882,0.6334293074708289,0.32429198866232434
24,4.460591877938803,2.2861602584924423,0.6334293074708289,0.7198123013384865
