epoch,train_loss,val_loss,val_acc,val_auroc
0,23.255209118728477,7.3241483321567795,0.6313077739051371,0.39619340526867064
