epoch,train_loss,val_loss,val_acc,val_auroc
0,50.382523748979075,25.059091113917592,0.5978178511895742,0.7141222877141494
1,49.538668522818156,55.441227339021836,0.73041369904531,0.29108715296864396
