epoch,train_loss,val_loss,val_acc,val_auroc
0,5.471015818174327,1.1639502473736663,0.7298075465979694,0.7404999001129416
1,5.057538862245735,7.456523276148538,0.6334293074708289,0.2650547598655777
2,5.2485018786037845,7.626433054413429,0.6328231550234884,0.2637021803070192
3,5.4347505442282165,1.1616087801656247,0.6510077284437036,0.5462443949514509
4,5.0571692148507195,5.326472427361227,0.6332777693589938,0.2928325596207061
5,4.928808990708443,1.579648908403249,0.7243521745719048,0.7701939490200189
6,5.016614513770073,12.112902008741077,0.6334293074708289,0.24291395273858668
7,5.236757135044392,8.45913213020853,0.5834217305652372,0.7971515870174515
8,5.386388271260097,0.9597994565132767,0.7285952417032884,0.70297628819691
9,5.139485337947748,1.4597653344031951,0.7348083042885286,0.7723804371690624
10,4.9307868769266765,3.463264927500612,0.6929837854220336,0.7980724270181636
11,5.150790863903134,5.32843027867807,0.6334293074708289,0.2897502526845883
12,5.296586235322127,11.349621303805186,0.4787088952871647,0.7977051690069248
13,5.256478685956234,14.57397772171476,0.4032429155932717,0.7952802870417804
14,5.128172354113606,8.34310990200745,0.5543264130928929,0.7971058466565526
15,4.9016069926480705,2.498082631355814,0.7211698742233672,0.7927128929467869
16,4.909094147364973,10.749400213281753,0.6334293074708289,0.24666589855826382
17,5.421209283716156,8.649385884379344,0.6334293074708289,0.2564025626469873
18,4.680988719317385,1.4208840910531044,0.6390362176087286,0.5020430859364955
19,4.978617945554166,3.2535986671268553,0.7038945294741628,0.7968332835546342
20,4.39813979146408,3.8899289018253103,0.6334293074708289,0.30985430335205144
21,4.462323387819161,7.56797481663463,0.5744809819669647,0.7956364190192871
22,4.970522370983713,1.0355369483617096,0.7325352326110016,0.7262116497979512
23,4.85203922618644,1.9355659980560038,0.6334293074708289,0.46360021638899385
24,4.590444069375485,4.585324536130038,0.6334293074708289,0.29772954738305796
25,4.4779489178570095,3.9681910286348576,0.6334293074708289,0.3056468824358992
