epoch,train_loss,val_loss,val_acc,val_auroc
0,45.47180157268494,23.70517595790881,0.7516290347022276,0.3158700353283867
