epoch,train_loss,val_loss,val_acc,val_auroc
0,11.47949817274621,3.976915960392144,0.8621003182300349,0.8748106390328152
