epoch,train_loss,val_loss,val_acc,val_auroc
0,59.780470440398204,84.08993314441781,0.8187604182451886,0.3589302548998853
1,59.963400389718586,70.9128414477195,0.8187604182451886,0.3531160998751468
2,58.132443462218056,66.28815556049419,0.8187604182451886,0.3527349478210111
