epoch,train_loss,val_loss,val_acc,val_auroc
0,41.920893752515305,27.241951075480333,0.8031519927261707,0.35174470353919907
1,39.97473796856622,61.28966901316428,0.2645855432641309,0.6464715965172024
2,43.935840431967186,62.017013746493696,0.8033035308380058,0.35540852956382774
3,44.7342900552069,11.402873799265794,0.8030004546143356,0.3536721246944914
4,44.318240430301344,26.910995474149285,0.8025458402788301,0.35066330607257
5,43.21148906395027,8.740005304712584,0.8031519927261707,0.35429709531866893
6,43.661751558246316,11.40410347217176,0.8028489165025003,0.35348500070501976
7,44.70891398259195,30.480924104267693,0.4511289589331717,0.36144012032336903
8,43.39001597359535,2.2829667027926224,0.5497802697378391,0.3542945249341981
9,41.13627708505583,89.60484179620906,0.8026973783906652,0.36062707099548774
10,44.09313187857147,34.623409994168796,0.8025458402788301,0.3514862697405528
11,43.00445609093435,53.34469425983548,0.8026973783906652,0.3528236040609137
12,40.45761149441551,3.642220898746884,0.5600848613426277,0.3586270181190073
13,41.447741406598695,48.425784753116446,0.8030004546143356,0.3527382672964843
14,43.38152258084351,75.46272114122036,0.8031519927261707,0.3571068927429968
15,40.229326238630755,2.4325301321659474,0.6099409001363842,0.3570255951541643
16,41.10482216647293,31.843434065142297,0.8030004546143356,0.35245009047753334
