epoch,train_loss,val_loss,val_acc,val_auroc
0,18.278852949577455,20.02056365888179,0.6296408546749508,0.6147994745352454
1,18.138731655161894,22.27311257171453,0.6296408546749508,0.45540950011915526
2,17.452017156404697,30.460858613979745,0.6296408546749508,0.2626406967331769
3,18.256763669392758,14.490318158446415,0.629943930898621,0.7805355486360172
