epoch,train_loss,val_loss,val_acc,val_auroc
0,33.07236280060479,27.04299722351546,0.7449613577814821,0.3175868554883058
1,30.86767451931878,10.329252926612156,0.5606910137899682,0.6773544205758345
2,33.716287655403335,8.319009414675163,0.5709956053947568,0.671300486316281
3,32.465070512045834,48.45953135599529,0.7449613577814821,0.3201206290638158
4,32.48543625351949,48.71407801961516,0.7449613577814821,0.32005838309384954
5,31.708217327767095,11.90242936246629,0.7449613577814821,0.3203580702443958
6,31.005273814634187,27.642060917026075,0.4818911956357024,0.6889853520124424
7,32.24517323114887,40.48796388846055,0.7449613577814821,0.3209199760975475
8,31.061270753548605,60.85103702790847,0.7449613577814821,0.3241872851909707
