epoch,train_loss,val_loss,val_acc,val_auroc
0,53.037218713854315,26.878633175714214,0.7814820427337476,0.3338698164728765
1,58.790706140269904,11.536993074135305,0.7801181997272314,0.3385673217422315
2,59.12319250232542,57.7717505193584,0.7814820427337476,0.33967471330862786
