epoch,train_loss,val_loss,val_acc,val_auroc
0,23.79056893025118,33.778895632898035,0.6016063039854523,0.7814515029347245
1,21.917502056369546,41.592883488539044,0.5681163812698894,0.7876746506986029
2,21.945744941227,18.064043659245467,0.6644946203970299,0.3623876504416909
3,21.414883777469843,51.96764450894104,0.6313077739051371,0.2667599454556234
4,21.79368449420816,26.973239843764798,0.6310046976814669,0.258690786743345
5,22.013501320052896,13.53490240123348,0.6302470071222912,0.264946888401415
6,21.116775664041793,19.220695004244252,0.662221548719503,0.3926799371553922
7,20.82685220911749,45.74246306230776,0.631156235793302,0.2643729372937294
8,21.535002689792236,30.92611111176883,0.6250947113198969,0.7602000948597855
9,21.727242454820175,9.529458450176334,0.695711471435066,0.30313966127151637
10,20.3912981521507,37.60557738129416,0.6313077739051371,0.2628314657813086
11,21.797700307643456,25.334705764948556,0.6310046976814669,0.25921137922175447
12,21.645906980913107,6.500807568202833,0.7088952871647219,0.283312928598249
13,19.86223611558526,30.42025092515571,0.6017578420972874,0.7251008873342424
14,19.411143421566763,29.119117999261103,0.6308531595696317,0.2600533586292761
15,20.54014662493899,2.707706371064005,0.698287619336263,0.2682767138989348
16,20.24524301123413,35.432652232538196,0.6308531595696317,0.26021274283116935
