epoch,train_loss,val_loss,val_acc,val_auroc
0,10.950224534618727,12.86872540742886,0.7481436581300197,0.33792159062185956
1,11.754533328293201,14.472960890486558,0.7481436581300197,0.33864252761692637
2,11.214507179055039,13.227179669596712,0.7481436581300197,0.3391945492751387
3,10.66758558406561,8.1623476025263,0.7481436581300197,0.34134566049674764
4,11.554754020987469,12.80766700054411,0.4815881194120321,0.6699418692371047
5,11.207642864288571,7.888387396509385,0.7481436581300197,0.3431214043031243
6,10.772735405445172,3.484132971490148,0.7481436581300197,0.352466651408225
7,10.913420512290015,4.352761327145514,0.5553871798757387,0.6512082930849279
8,11.231193614305917,2.268132930633642,0.7479921200181846,0.3665690102024376
9,10.322102536864671,6.065290957729931,0.7481436581300197,0.34591630720361755
10,10.566816662564245,10.76656651514952,0.4855281103197454,0.6692961275976218
