epoch,train_loss,val_loss,val_acc,val_auroc
0,18.563381764577688,10.26919991183523,0.6222154871950295,0.462164582576459
