epoch,train_loss,val_loss,val_acc,val_auroc
0,2.411046695711035,12.00812796546322,0.4735565994847704,0.908938906160046
