epoch,train_loss,val_loss,val_acc,val_auroc
0,50.476121959405916,71.52781329246737,0.7526898014850735,0.3032472652842091
1,51.5529094206996,78.93898063783375,0.7526898014850735,0.30968910742271544
2,49.897879503264285,5.0733156286598895,0.6025155326564631,0.7121636378529668
3,51.164178771021724,63.0813010201741,0.7525382633732384,0.29963765755950056
4,52.44741007970633,48.68479062730859,0.7525382633732384,0.29577595710118154
