epoch,train_loss,val_loss,val_acc,val_auroc
0,39.25806457119506,26.74296352815982,0.7025306864676466,0.7872006737224128
