epoch,train_loss,val_loss,val_acc,val_auroc
0,11.481947532484506,12.724150541894886,0.7502651916957115,0.6658521716707226
1,11.582273223432685,3.341091421051881,0.7502651916957115,0.6802017171190285
2,11.264640241233092,13.880668241411543,0.7502651916957115,0.6560575803064204
