epoch,train_loss,val_loss,val_acc,val_auroc
0,4.546178494787411,3.4353807726526355,0.7490528868010304,0.5036737038959109
1,4.86623773446208,9.281969583473488,0.7489013486891953,0.3377843771653859
2,4.846395342435633,0.6626084274659646,0.651462342779209,0.6769205781659713
3,4.913940305907828,7.755823887158639,0.7490528868010304,0.34270826308809316
4,4.614081078256544,0.6742213999688544,0.7285952417032884,0.6739623983948413
5,4.936373847201839,3.822640623499325,0.7490528868010304,0.45493932765898387
6,4.8604205372225495,1.8365941754361503,0.543718745264434,0.6827961343861079
7,4.737147816818291,4.2666434672298275,0.7490528868010304,0.45822802655587713
8,4.514209251906731,3.564847913216887,0.7490528868010304,0.5070672209077199
9,4.772666424905771,6.538627510053459,0.7490528868010304,0.35855375678874435
10,4.3336694754692875,4.762430243355557,0.3194423397484467,0.6874508894146898
11,4.3471561522353035,0.6814045072198004,0.7489013486891953,0.6723704580038525
12,4.79813686438195,5.408443134144267,0.7490528868010304,0.3922406252534937
13,4.318099351500184,7.211293474438155,0.7490528868010304,0.35727217819372736
14,4.299067684512623,6.931113747037312,0.3641460827398091,0.6881438739797948
15,4.569998192270519,7.434726889087569,0.7490528868010304,0.3582592765253357
16,4.285360920328067,4.083098953863873,0.46719199878769513,0.6860079300157056
17,4.330078691871876,6.357163224189205,0.7490528868010304,0.36568364866727066
18,4.274118194464102,3.700855173907834,0.4774965903924837,0.6862410220474765
19,4.103310873118616,5.682128450440212,0.7490528868010304,0.39399303020618626
20,3.944544012356137,1.5119278704439045,0.5982724655250795,0.680368031305677
21,3.7212409393988626,4.88379277834695,0.7489013486891953,0.37622446616060773
22,3.964171725306516,4.404409301915048,0.7490528868010304,0.43260066936994784
23,4.016616710732788,7.044517935613987,0.7490528868010304,0.3570620533013553
24,4.102417092338477,5.027941398718878,0.45325049249886346,0.6868421380549863
25,3.797644427878005,0.8157549302001527,0.7482951962418548,0.6682628217720663
26,3.871487435833543,6.236610476474614,0.45264434005152293,0.6872496215308626
27,3.9762880811186916,8.048023896174714,0.7490528868010304,0.33941119584519563
28,3.6702467165746224,5.496474609004198,0.7490528868010304,0.3812098013977704
29,3.5970458516136663,7.936722150335241,0.7490528868010304,0.33829704525308324
