epoch,train_loss,val_loss,val_acc,val_auroc
0,51.849408826497054,5.280057610553546,0.7872404909834824,0.870104206463779
1,49.788343816873684,19.43576748578146,0.5059857554174875,0.8250736874347925
