epoch,train_loss,val_loss,val_acc,val_auroc
0,5.6459195506556465,17.98407811723996,0.3764206697984543,0.785166574032134
1,5.230793873998934,0.9204128963113789,0.6944991665403849,0.775386444238297
2,5.319547858269291,8.88749115942897,0.5606910137899682,0.7879786914201962
3,5.22961539740923,11.446646321414185,0.5515987270798606,0.7888036002856176
4,5.243812656055745,2.592644110179174,0.7160175784209729,0.7898624031046084
5,5.312249341612965,3.738981493784995,0.6334293074708289,0.5895192762243087
6,5.200124113103407,12.315810380297766,0.6334293074708289,0.2341813513828918
7,5.37934199129565,6.990104798422309,0.6372177602667071,0.788297093781091
8,4.733040669561787,2.2906613917147722,0.7210183361115321,0.7881736195311835
9,5.426807184755161,2.8896328661907513,0.6334293074708289,0.6718035646823097
10,5.220483334845965,11.124853303819412,0.6334293074708289,0.24304781128664418
11,5.311508744679576,14.482382243538394,0.6334293074708289,0.2302779431573409
12,4.754125272600845,1.8243785383557167,0.6337323836944991,0.711068475050982
13,4.945551139113578,12.46541196011218,0.6334293074708289,0.23485806147900096
14,4.985606598843226,4.18422020458962,0.685103803606607,0.7907501616983569
15,4.930122307059006,11.78336196762989,0.44521897257160176,0.7876026314800493
16,4.860433560828401,3.8093990390816317,0.6907107137445068,0.7894835245692495
17,4.847550252763263,1.902331842908644,0.726928322473102,0.7873217609396108
18,4.665445317281233,9.816706166482005,0.5096226701015305,0.788155570632018
19,4.721665195559603,5.608782398716972,0.6334293074708289,0.3143807694666031
20,4.4689571657294955,3.404458970730188,0.7058645249280194,0.7872260276004756
21,4.849437231583241,1.0161152987665147,0.6647976966207001,0.7647257754103776
22,4.412859072557343,2.9523521734920664,0.6988937717836036,0.7881593287589675
23,4.548696834474897,5.511939958941487,0.6334293074708289,0.30957135595198304
24,4.5778630578277655,8.875364496375886,0.6334293074708289,0.2413863235826422
25,4.229507922855249,1.8957783834449016,0.633580845582664,0.7132976871695568
26,4.208915545590305,4.252046889726963,0.6752538263373238,0.7875096672870874
27,4.334403955931013,2.8786742361698536,0.7119260494014245,0.7826817598319523
28,4.343530831273387,0.9852657341238116,0.6573723291407789,0.7578218984079388
29,4.262070497629733,0.7931325430219003,0.7193514168813456,0.7739297744530442
