epoch,train_loss,val_loss,val_acc,val_auroc
0,6.98282202852009,3.5762855654506454,0.7191998787695105,0.36354249184833604
1,6.852009381971896,16.745707930859552,0.47704197605697835,0.7938170856222005
2,6.694820738756435,3.9213061031382597,0.7099560539475678,0.4582940288951325
3,6.720706970407342,5.533298746494294,0.6710107592059403,0.6095536974940382
4,5.996402866642734,16.323287075948564,0.619184724958327,0.24469709824387997
5,6.518671280580103,17.66108373418543,0.619184724958327,0.2452389478783609
6,6.483099713436057,1.5360251925247765,0.668283073192908,0.2986604403099419
7,6.652031943443634,18.398199336639696,0.4465828155781179,0.7958028424943673
8,6.555577246198728,5.164146059732543,0.6978330050007577,0.6337514817878969
9,6.479010355293724,1.4541601527006378,0.7337475375056827,0.3301576714094944
10,6.348026850093836,3.5791480100088036,0.6223670253068647,0.2795681487702356
11,6.685280353883159,4.091092471408743,0.7172298833156538,0.532183818046307
12,6.60172196069727,8.88880207762969,0.6190331868464919,0.25729685959572746
13,6.100190860536139,6.647995433873851,0.6187301106228217,0.26051217580062436
14,7.01281409220978,8.28391670461748,0.6188816487346568,0.2573372298342604
15,6.417532859850804,1.2066442027455442,0.7157145021973026,0.3065679302730317
16,5.924683218382402,8.085526874632993,0.6437338990756175,0.7894495334918724
17,6.1466477287955525,8.197277884062418,0.639490831944234,0.7853382615940688
18,5.396332658408428,4.8047442059748855,0.6188816487346568,0.26494343187446584
19,6.003537958653556,1.4761302001116077,0.7357175329595393,0.31313978529476716
20,5.820738990842655,6.297511735925676,0.619184724958327,0.2570405793632027
21,5.636968435004076,2.1404354197633215,0.7225337172298834,0.32848945794924655
22,5.963084515847479,19.88746697578598,0.43536899530231854,0.7943751907457159
