epoch,train_loss,val_loss,val_acc,val_auroc
0,11.386520000908805,1.264344232157155,0.6241854826488862,0.3299710953754562
1,10.989925800227526,9.14501780050237,0.7501136535838764,0.32740756255968684
2,11.804419666226117,4.184547637624982,0.5505379602970147,0.3311582758607166
3,11.644111766835419,13.887997276513103,0.7501136535838764,0.32688055320784465
4,11.488392861562527,6.760474366154666,0.5179572662524625,0.33121545024737575
5,10.954973980195053,10.472403040003066,0.7502651916957115,0.3270040940047416
6,11.111085933778373,5.256458377274514,0.5147749659039248,0.33103718627010725
7,11.661998031391919,11.682867736631422,0.7502651916957115,0.32701775947979517
8,11.19295176803605,30.500007562338176,0.26397939081679045,0.43349871213621644
9,10.919998809313626,6.900531478028602,0.5135626610092439,0.33113707292632855
10,11.50133945963964,31.194041032902415,0.7502651916957115,0.32507217576913944
11,11.772477726445702,3.446927234645612,0.7502651916957115,0.32754758771886816
12,10.976541053383508,6.680051306604573,0.7501136535838764,0.3282478360750892
13,10.360562541337064,8.488226580572844,0.5178057281406274,0.33188401676232904
14,10.84441351164361,1.528239038464228,0.7502651916957115,0.3284925277427528
15,10.673913958867873,5.888222852745803,0.5364449158963479,0.33046213327502727
16,10.671176660257789,17.21715862668993,0.7502651916957115,0.32592041570497676
17,10.735947120855263,8.411776910750934,0.7501136535838764,0.3277253614548792
18,11.343188938037395,4.057533856973014,0.7469313532353387,0.3283012723721598
19,9.788024878642798,16.482819831340596,0.7502651916957115,0.3260258788555024
20,10.089047253321546,8.106497483499883,0.7502651916957115,0.3270854740534912
21,10.630694741822676,5.0179043437589534,0.7502651916957115,0.32792844389581
22,10.371327228664647,12.179353099787736,0.7502651916957115,0.3261115485152553
23,9.664459379970495,10.558134436517037,0.7502651916957115,0.32632596778526646
