epoch,train_loss,val_loss,val_acc,val_auroc
0,4.51452613899357,15.598481729908917,0.25852401879072584,0.6864033801765245
1,4.665048615067886,0.7887914505559832,0.6437338990756175,0.41551501122457857
2,4.679525127391379,4.118616220029417,0.7460221245643279,0.32559120837450317
3,4.67073427061002,1.6418461843699574,0.7455675102288225,0.35098687843346515
4,4.735929254727537,4.947866303105303,0.7451128958933172,0.3217244827751341
5,4.8194484415289525,1.992852649899717,0.7460221245643279,0.33188713654501906
6,4.549674887750379,1.3116588330612993,0.7463252007879981,0.355468158260205
7,4.795098849581414,3.2345579762696532,0.5091680557660252,0.5916642355705282
8,4.802083706066345,3.5097570776270994,0.5347779966661615,0.6121876346876127
9,4.550428498891433,0.5893505155398893,0.740112138202758,0.34426966207030685
10,4.437573804125892,0.827236634670812,0.6152447340506138,0.3877983162643508
11,4.287167685160873,1.5039807751894467,0.619184724958327,0.5265643676071465
12,4.605673211472452,6.296542973929525,0.44506743445976665,0.6668797846170987
13,4.270405603658252,12.717358740193678,0.2568570995605395,0.682144808302572
14,4.421204344939781,5.904058637068405,0.4968934687073799,0.6652582801424158
15,4.248849851215477,7.4891737787484,0.7466282770116685,0.3212367364769972
