epoch,train_loss,val_loss,val_acc,val_auroc
0,16.69179321213335,26.165207101099597,0.5861494165782695,0.7564019351640134
1,15.34434133031943,5.705733039917811,0.7026822245794817,0.31279067763061114
2,15.203545003068106,10.887248255878095,0.6246400969843916,0.2753501549529813
3,14.76819031165213,18.336360760865237,0.6243370207607213,0.2682341295375974
4,16.819635975088094,16.54806202074708,0.6576754053644491,0.5202793404317293
5,16.154025704305376,21.25693797530469,0.6373692983785422,0.6907664046344272
6,15.625337298087304,17.984335920019102,0.6540384906804061,0.5873644516450912
7,15.331331935610297,2.6690650152462796,0.6887407182906501,0.30368624729363614
8,15.336117403780733,24.900706266197115,0.6243370207607213,0.26632505709489945
9,15.879084706830335,16.23202726454026,0.6620700106076678,0.5345156027397716
10,14.413223039419258,27.23113350045195,0.5947870889528717,0.7666581065942528
11,14.781259076019763,4.003368044716063,0.62873162600394,0.2945850979912821
12,15.698814844142165,27.111092438100233,0.6246400969843916,0.2653677785162555
13,14.47770455557752,16.087474205039058,0.6573723291407789,0.5115338161057469
14,14.035617750618453,24.63062247414899,0.6128201242612517,0.7474239470866076
15,14.464275268483007,40.67313325468348,0.5522048795272011,0.7818683464780396
16,13.25328553765267,36.17228682775681,0.5650856190331869,0.7810359920683192
17,14.4873309795523,21.169437339656696,0.6261554781027429,0.6713478705693545
18,13.270586438821399,25.123115353411592,0.6026670707682982,0.7482905809625164
19,14.238856607394645,11.771346756862426,0.6244885588725565,0.2820644250246372
20,14.588741843132093,2.5270661760016018,0.6899530231853311,0.3033607392768443
21,13.704140414720522,14.825797189526675,0.6240339445370511,0.2742661892614381
22,13.04254851750956,41.87548670451792,0.5382633732383695,0.7822766638910094
23,13.76426219549987,29.39011216109441,0.6247916350962267,0.2622836549432851
24,13.415629484380432,15.685625363306704,0.6429762085164419,0.4603750428248474
25,13.518799339718738,8.173108643931066,0.6867707228367934,0.348493476225819
26,12.439799677875842,2.3215226819251846,0.7132898924079406,0.2955255796314938
