epoch,train_loss,val_loss,val_acc,val_auroc
0,20.40329317201862,1.6305859590713898,0.7328383088346719,0.35067405418331365
1,18.403805810631216,2.743448283748566,0.7331413850583421,0.34599287949633317
2,19.63796487561246,3.4783768322200808,0.5653886952568571,0.3558987066174796
3,20.272379930967055,33.72636177027148,0.37945143203515685,0.656885484985364
4,20.092853500474888,10.925669242765238,0.4985603879375663,0.4143596627035324
5,18.281812372451878,1.6325894239039507,0.7220791028943779,0.34832008665398234
6,18.696666069510563,12.643084740382214,0.49098348234580996,0.452017117658679
7,18.637665706523386,29.94082123764646,0.3803606607061676,0.6513567803811149
8,18.900112062787482,16.43357239601955,0.7328383088346719,0.34213294694428453
