epoch,train_loss,val_loss,val_acc,val_auroc
0,6.529749033541043,1.3379925863546644,0.626307016214578,0.7734511881195341
1,6.70401152937245,6.142750061105681,0.6046370662221549,0.7706493300125251
2,6.960311335277369,2.1233287723990424,0.6231247158660403,0.775424717073793
