epoch,train_loss,val_loss,val_acc,val_auroc
0,14.569678030116647,32.72224265103052,0.6043339899984846,0.6640363365293264
