epoch,train_loss,val_loss,val_acc,val_auroc
0,0.6490890055319958,0.6014575648983422,0.6590392483709653,0.6560999233460082
1,0.609033798457957,0.5910081639400412,0.6413092892862555,0.6625129607627971
2,0.6000509063128495,0.5839284315021097,0.6491892711016821,0.6656739336730306
3,0.5960262402665718,0.583935894411899,0.6493408092135172,0.6670622830224169
4,0.5937952293591781,0.5839787018011873,0.6437338990756175,0.6683380970339348
5,0.5923948167371621,0.5800868885718362,0.6505531141081982,0.668986017026449
6,0.5907302715537581,0.5835415140248227,0.639642370056069,0.6696553216868415
7,0.5895667110982499,0.5757387210101969,0.6540384906804061,0.669545444664041
8,0.588344642937464,0.5775785866714387,0.6520684952265495,0.6700442627180881
9,0.5880136716306468,0.5747463482404265,0.6543415669040764,0.6704144183228561
10,0.5871643222193983,0.5707034466392724,0.6652523109562055,0.6706205263511094
11,0.5864821528349772,0.5713257319205709,0.6644946203970299,0.6711628816985995
12,0.5859470161021793,0.5734746984720844,0.6528261857857252,0.6716239516786846
13,0.5854321494507423,0.5746634145598825,0.6491892711016821,0.6716934223124552
14,0.5846759695700557,0.5720390542960019,0.6555538717987573,0.6716188122695536
15,0.5841826799311641,0.5749666283646936,0.64676466131232,0.6721568552392674
16,0.5836540760270725,0.5727418106710356,0.6511592665555387,0.6722409761427447
17,0.5835258370203905,0.5747584565369753,0.6460069707531444,0.6721856831893354
18,0.5831309886114198,0.5730394749844466,0.6510077284437036,0.6723532161122721
19,0.5825914902773864,0.5700404431209688,0.6567661766934384,0.672127318405181
20,0.5819916220459667,0.5743254100685681,0.6460069707531444,0.6725975448038328
21,0.5817157623084376,0.5713254093563833,0.6525231095620548,0.6725909876266658
22,0.5813895169297363,0.5729527734304707,0.6475223518714956,0.6727755928397043
23,0.5810906832920407,0.572415580350642,0.6481285043188362,0.6726265499749056
24,0.5808215078875982,0.5703271009431028,0.6504015759963631,0.6724480884233568
25,0.5802884525880827,0.5749715234785663,0.6422185179572663,0.6726253094278739
26,0.5799879858517664,0.5711971467363959,0.6494923473253523,0.6726774714768701
27,0.5798600154083797,0.5744096964376408,0.6414608273980906,0.6726788892449063
