epoch,train_loss,val_loss,val_acc,val_auroc
0,0.7243022362577823,0.643701869261086,0.6758599787846643,0.6722471723040397
1,0.6806202688174771,0.632994356833185,0.6855584179421125,0.6805530088933768
2,0.6703183060704732,0.6248118259957711,0.6914684043036824,0.6796002629308575
3,0.6637733589550904,0.6182880647291937,0.6911653280800121,0.6820824296886994
4,0.6531486400373115,0.6150330475450086,0.6820730413699045,0.6920851000802198
5,0.6502479562863211,0.6061791311449888,0.6943476284285498,0.6757058698881462
6,0.6452345514578092,0.6019274438036303,0.6955599333232307,0.6776722834982778
7,0.6419618105914862,0.5979861533900142,0.6935899378693742,0.682168811989301
8,0.6382571229544735,0.5960410023154697,0.6938930140930444,0.6899885183975921
9,0.63656009236821,0.5928550231165914,0.6925291710865282,0.6900097085489287
