epoch,train_loss,val_loss,val_acc,val_auroc
0,0.7921160336316834,0.6912263701731264,0.5059857554174875,0.4687585926411244
1,0.7475573243038423,0.6637752837602939,0.6176693438399757,0.47797084157191566
2,0.7162555044827127,0.6514068386160545,0.6507046522200334,0.5095984416333313
3,0.7150000774565927,0.6412957739624079,0.6758599787846643,0.5323643549409811
4,0.6904641135404789,0.6452667194706939,0.6675253826337324,0.5875539292616863
5,0.6818587112506242,0.6368164881049981,0.6769207455675103,0.5983634571455027
6,0.6670818395064733,0.6355601040625829,0.6772238217911805,0.6289235479095782
7,0.6690433445094589,0.6174504672745752,0.698287619336263,0.6061439801406703
8,0.6613818146835982,0.6130827365996061,0.6985906955599334,0.6290098698899791
9,0.6597352750302445,0.6126933010405963,0.6914684043036824,0.6422944300346576
10,0.650579773055584,0.6044072999360255,0.6979845431125928,0.6405106182482205
11,0.6440674273114003,0.5965166735024069,0.7040460675859979,0.6384072451860698
12,0.6432769283921019,0.6038420368350081,0.6928322473101985,0.6684728452029475
13,0.6371807583644004,0.59906288767822,0.6944991665403849,0.6731349353786504
14,0.6417341806487904,0.592243437948399,0.7026822245794817,0.6698308487683442
15,0.6337044485357065,0.5926393745053553,0.6961660857705713,0.6808875048200835
16,0.6251221903798652,0.5888105133190753,0.6990453098954387,0.6812515456498527
17,0.6232591359285463,0.5928156471628189,0.683891498711926,0.6977741470063913
18,0.6225660747064752,0.5835700048824425,0.6976814668889225,0.6876283548659694
19,0.6175481482046375,0.5808545774646845,0.6998030004546143,0.6867235270469678
20,0.6220745241249993,0.5811034894961447,0.698287619336263,0.6938247845466661
21,0.6205956760654487,0.5782495513976135,0.6978330050007577,0.6901763476601646
22,0.6109963351803344,0.5772757451450089,0.6979845431125928,0.6891592954063579
