epoch,train_loss,val_loss,val_acc,val_auroc
0,0.730661363160182,0.6636881313101417,0.7129868161842703,0.6513032910543666
1,0.6895495673150145,0.6412718232824398,0.7349598424003637,0.6581846045290628
2,0.6704093042603585,0.6199671928404605,0.7507198060312168,0.6552928112241089
3,0.6551115735947571,0.606054155442512,0.7516290347022276,0.6567031059242143
4,0.6467060845500503,0.5943165117365824,0.7522351871495682,0.6580698871269768
5,0.6394706993071233,0.5826009688801541,0.7525382633732384,0.6561206184256916
6,0.6308704132563346,0.5751630514566601,0.7519321109258978,0.6574695986522684
