epoch,train_loss,val_loss,val_acc,val_auroc
0,0.6620904539891997,0.6113221257685676,0.8139111986664647,0.39915069480166165
1,0.6346311928792729,0.5990345124350044,0.8166388846794969,0.3910644061858363
2,0.6269914337154012,0.5834150515211082,0.8178511895741779,0.3777042761453596
3,0.6131200133932235,0.5964178197184085,0.8137596605546294,0.39634118788211925
4,0.61261669574479,0.5735983214860324,0.8178511895741779,0.37694344217290404
5,0.6058236497480737,0.578662646288293,0.8146688892256403,0.38470622353368655
