epoch,train_loss,val_loss,val_acc,val_auroc
0,0.731560016097508,0.6869380515639503,0.57493559630247,0.4305421493546343
1,0.712589287364062,0.6775676243448641,0.6316108501288074,0.4971297289919067
2,0.7016705315137275,0.6704562378392145,0.6710107592059403,0.5327466910512175
3,0.6954926615827896,0.6646044494564162,0.684952265494772,0.5459795453864482
4,0.688998547326906,0.6606485939401626,0.685103803606607,0.5713938367603763
5,0.6881858801223921,0.6576326234103297,0.6864676466131232,0.5868666333006701
6,0.682631803418781,0.6543552926461396,0.6835884224882558,0.5987295212497378
7,0.6785543931399463,0.654527958134193,0.6772238217911805,0.6182682160030273
8,0.6776648268300054,0.6500513684046885,0.6837399606000909,0.611772278183632
9,0.6729708509312234,0.6427469197178017,0.6975299287770874,0.5903407104737787
10,0.6715169630370044,0.6406185857128566,0.6975299287770874,0.5966091528625028
11,0.6728396101654759,0.6390650055953672,0.6941960903167147,0.6075546793590622
12,0.6668399596488879,0.6388796618317525,0.687528413395969,0.6222266919833939
13,0.6654708575870001,0.6370155021157621,0.6876799515078043,0.6263681630687247
14,0.6608427365380067,0.6340124827114845,0.6914684043036824,0.6262193477650515
15,0.662084265041756,0.6289893998794799,0.6964691619942416,0.6126848122940751
16,0.6615001703414217,0.6292699590417937,0.6920745567510229,0.6274547589269762
17,0.6575285096225603,0.6258741524169293,0.6935899378693742,0.6187035645759652
18,0.6544008567525069,0.6248282247428588,0.6952568570995605,0.6257799486637141
19,0.6520706922705561,0.6211690450368604,0.7001060766782846,0.6180978163767857
20,0.6534181345338297,0.6211770594273576,0.6944991665403849,0.6290526646373334
21,0.6542505651987905,0.622529598813578,0.691013789968177,0.6421332080073952
22,0.6520587898308733,0.6180712854090848,0.6973783906652523,0.6313858244822814
23,0.6490793495598047,0.6175516229413607,0.69465070465222,0.6362678209377917
24,0.6492527224273641,0.6159879392810907,0.6944991665403849,0.6369104677860922
25,0.6471444838407239,0.6138140578254784,0.6978330050007577,0.6335000338468812
26,0.6472648561931159,0.6124902393695423,0.6967722382179118,0.6375523378207268
