epoch,train_loss,val_loss,val_acc,val_auroc
0,0.6690314710165318,0.627812940074668,0.6869222609486286,0.6641620032140225
1,0.6215909183124716,0.5979925341489803,0.7238975602363995,0.6669416111110704
2,0.6068792205844198,0.5875429077425912,0.725716017578421,0.6703198569118912
3,0.6010261197068284,0.5801671365297714,0.726928322473102,0.6711312233297186
4,0.5977698524950888,0.5764387928187658,0.7243521745719048,0.6724240472065962
5,0.5952488784460913,0.5701411397985697,0.7292013941506289,0.6730655842435384
6,0.5934908014863712,0.5698182252992877,0.7213214123352023,0.6741319689459025
7,0.591919984609051,0.5677912423494712,0.7216244885588725,0.6749967764713855
8,0.5905386115966031,0.5655155473811136,0.7202606455523565,0.6755817037146994
9,0.5898541403447835,0.5626003648642609,0.7204121836641916,0.6759923532295126
10,0.5887170427317495,0.5617137145302408,0.7204121836641916,0.6764024543179075
11,0.5877895245564883,0.5607996971106092,0.719654493105016,0.676709207494576
12,0.5872027544966905,0.5590163888597438,0.7195029549931807,0.6768589888430567
13,0.5863867849380019,0.5584937736001371,0.7170783452038187,0.6769221797537053
14,0.5858169431583312,0.5573937141058897,0.7199575693286862,0.6769783629934528
15,0.5852140898258879,0.5565609285227727,0.7202606455523565,0.6772008413105003
16,0.5844794774402994,0.5549761163301405,0.7202606455523565,0.6771639748679329
17,0.5841477799181282,0.5563780115055016,0.7166237308683134,0.6774127776530615
18,0.5838958274536478,0.5579842216120577,0.7143506591907864,0.6771089494172909
19,0.5833966953629457,0.5551213314902116,0.7169268070919836,0.6773157671132808
20,0.5830044498058784,0.5561728572137321,0.714956811638127,0.6773327683322499
21,0.5825765945603731,0.5552130842375058,0.7169268070919836,0.6770978590163863
22,0.582029082211188,0.5552557447965009,0.7141991210789513,0.6774023575511128
