epoch,train_loss,val_loss,val_acc,val_auroc
0,0.7111471614018952,0.6904524126672839,0.6249431732080618,0.6305423768708039
1,0.6754952953392528,0.6627013623705414,0.6426731322927717,0.6297072072782065
2,0.6606509414725745,0.6452272521815421,0.6526746476738899,0.6329927716008713
3,0.6471098714262126,0.6418608416750822,0.643127746628277,0.6551922791996746
4,0.6381520245053187,0.6131344069891183,0.6684346113047431,0.6091125745142976
5,0.6295262846120796,0.6131298829974831,0.6699499924230944,0.6186736796534068
6,0.6241104995993019,0.6159008955084785,0.6540384906804061,0.6530314302436891
7,0.6185906363050221,0.5947492749496994,0.6740415214426428,0.6096419635942556
8,0.6119590930043431,0.5937461107314437,0.6696469161994242,0.6183264453908578
