epoch,train_loss,val_loss,val_acc,val_auroc
0,0.7351393166284234,0.7004836132028172,0.6393392938323988,0.6665014311088785
1,0.6883693921473879,0.6438818670146519,0.681466888922564,0.6527869874227278
2,0.6751723846606656,0.6417253751215709,0.6729807546597969,0.656733217157294
3,0.6619671025878101,0.6388155270533267,0.6737384452189725,0.6674613146487481
4,0.6552872824965146,0.6268788947718019,0.6787392029095317,0.6643121003220344
5,0.6468559176492987,0.6233300031143746,0.6807091983633884,0.6624406502500755
6,0.6414530815310795,0.6203995988050687,0.6835884224882558,0.6663814456663949
7,0.6337164243273092,0.6183352007217743,0.6848007273829368,0.6607019374366848
8,0.6301762376757964,0.6152371219982431,0.6831338081527504,0.657481807947104
