epoch,train_loss,val_loss,val_acc,val_auroc
0,0.8008175189069843,0.6997423005801364,0.541294135475072,0.48254290558973334
1,0.761028322428894,0.6857552375914853,0.6281254735565995,0.5352936115621565
2,0.7265351693690555,0.6750204517256403,0.6734353689953023,0.5308713872344504
3,0.7180896460748041,0.6684836734332972,0.6835884224882558,0.5394427582421532
4,0.70681779322109,0.6628946974017725,0.6811638126988938,0.5585855285726887
5,0.7018678041999494,0.658102232934056,0.6832853462645856,0.5596092294255187
6,0.6954002934416996,0.6528771509273719,0.6913168661918473,0.5453946530144178
7,0.6900132725249277,0.6539063434164386,0.6737384452189725,0.6014165188290169
8,0.6837224524876334,0.6449723374502173,0.6872253371722988,0.5833871865324529
9,0.676817354107828,0.6405393274142211,0.6960145476587362,0.562519534717072
10,0.6789339229742276,0.6364354357464347,0.6958630095469011,0.582825131202511
11,0.6725163931990414,0.6325464516015536,0.6975299287770874,0.5784355781786183
12,0.6663269945248851,0.6293973799889188,0.695711471435066,0.595514284438549
