epoch,train_loss,val_loss,val_acc,val_auroc
0,0.7202380755070864,0.6635097498459461,0.6920745567510229,0.5887660399002436
1,0.6984476044171144,0.6712904651339514,0.6570692529171086,0.6209072360304717
2,0.6901770329580178,0.6557367772545881,0.6788907410213669,0.6073833453931917
3,0.6812973465047328,0.6551518203959643,0.674344597666313,0.6206096056483992
4,0.6740128135280115,0.6483631576258299,0.6844976511592665,0.6163074098309196
5,0.6647947686588174,0.6538162081146587,0.6704046067585998,0.6347158316513004
6,0.6656226815825467,0.6504289373012542,0.6728292165479618,0.6356107423910371
7,0.6616446588830273,0.6429432225707878,0.6801030459160479,0.6349064235768501
8,0.6614180903016373,0.648131079051617,0.6681315350810729,0.6508433245509867
9,0.6559676399897908,0.6379725350306095,0.6854068798302773,0.6348020394432384
10,0.6526239164978613,0.6388103139998426,0.6810122745870586,0.6433797724437429
11,0.6540511201269466,0.6395901863386024,0.677829974238521,0.6482605529531651
12,0.648860475180239,0.6357388566490159,0.6829822700409153,0.6443567363830349
13,0.6513789020843408,0.636799298555386,0.6761630550083346,0.6498259687413085
