epoch,train_loss,val_loss,val_acc,val_auroc
0,0.6702453275471751,0.5966806644417152,0.6702530686467647,0.7401182142785097
1,0.6188339010699537,0.5773696113236114,0.6807091983633884,0.7476629961258071
2,0.6069339953033135,0.5733294659698528,0.6601000151538112,0.7494572479493099
3,0.6023200225523111,0.5694626231395145,0.6808607364752235,0.7504415984384112
4,0.5998921663944476,0.5685211345813079,0.6661615396272162,0.7513566399709508
5,0.5969406754051269,0.5663152996166707,0.6826791938172451,0.752379895695544
6,0.595890410591835,0.5660024146669506,0.6738899833308077,0.7532297109196909
7,0.5944818493739475,0.5640327475580018,0.6837399606000909,0.7538169878509997
8,0.5929615906635282,0.5632202708011216,0.686164570389453,0.7543518627922816
9,0.5916440113747081,0.5631531901676775,0.6793453553568722,0.7547322695393139
10,0.5905064491419745,0.5609853484085391,0.6975299287770874,0.7553206511871859
11,0.5896990192197896,0.5609783837968317,0.695711471435066,0.7555104703114628
12,0.5883760749796951,0.5604313854593854,0.6948022427640551,0.7559144123244101
13,0.5876880974059393,0.5600480554970598,0.6958630095469011,0.7559567758030569
14,0.5869825517852323,0.5598278158378341,0.6958630095469011,0.7562330990373597
15,0.5861719738173039,0.5591611288446137,0.7007122291256251,0.7564199882611857
16,0.5853089831130217,0.5596275346932005,0.6975299287770874,0.7564881925011839
17,0.5848144573798509,0.559048019804581,0.7013183815729656,0.7567137468047274
18,0.5840673148790952,0.559586529732473,0.6979845431125928,0.7565519778749289
19,0.5838546203691016,0.5594161638149187,0.6991968480072738,0.7567396836283887
20,0.5834411156979529,0.5591406234738898,0.7023791483558115,0.7565741682685057
21,0.5827794516150072,0.5593783463433143,0.6979845431125928,0.7567101924992627
22,0.5822913222504199,0.5591879964759989,0.7007122291256251,0.7565978956590402
23,0.5817595481234271,0.5593110784145354,0.6984391574480981,0.7567366096344733
24,0.5816131368691183,0.5592931500888807,0.6978330050007577,0.7567901643722184
25,0.5811618185310025,0.5595919913569262,0.6998030004546143,0.7568193673144149
26,0.580762084726995,0.5594446812638515,0.6979845431125928,0.7567014988602206
27,0.5806040010170166,0.5593530048220641,0.6998030004546143,0.7563663854922856
28,0.5803991099570994,0.5595130359680296,0.6984391574480981,0.7564498636395511
29,0.5796758375464484,0.5597455400032498,0.6994999242309441,0.7566076940146457
30,0.5797353281487874,0.5595141493347418,0.6994999242309441,0.7564864633796066
