epoch,train_loss,val_loss,val_acc,val_auroc
0,0.7186980246865292,0.6664351249286705,0.6951053189877254,0.7535871215342642
1,0.6775269059001144,0.644971770939637,0.6981360812244279,0.7731257435392125
2,0.6616168176248085,0.619046910276267,0.7108652826185786,0.7784274652754357
3,0.6468537576651281,0.6372619642779979,0.7023791483558115,0.7862571470186582
4,0.6397573764097656,0.6028999054607144,0.7113198969540839,0.7848411355462821
5,0.6337799475868284,0.5774468625561905,0.7052583724806789,0.7640823027647684
6,0.6241706283024937,0.5768142864367767,0.719654493105016,0.7797983145304058
7,0.6187880525698823,0.5795920531412637,0.7167752689801485,0.7885920923107904
8,0.6140693042527222,0.5691933329131752,0.7214729504470374,0.7881118771744092
9,0.6103095334575905,0.5661265602580055,0.7207152598878618,0.788803386970798
10,0.6078471782749792,0.558817406064869,0.7243521745719048,0.7886525529849586
11,0.6059700136637034,0.5569153017014297,0.7246552507955751,0.7875866464511979
12,0.6007766356015136,0.5559162175154971,0.7205637217760267,0.7892678148818303
13,0.6005682279836374,0.5507532932809274,0.728140627367783,0.7890142906159365
14,0.5966773414759947,0.5538707420417334,0.7240490983482346,0.788533684464686
15,0.5963616266063099,0.5479976678909831,0.7228367934535536,0.7895873717837805
16,0.5931364144587412,0.5432094649702044,0.7243521745719048,0.7876613302912376
17,0.5935082687701505,0.541180411366409,0.7267767843612668,0.7898389898521866
18,0.5929299540132406,0.5417224463774843,0.728140627367783,0.7907462421027216
19,0.5926891340055436,0.5491093477889938,0.723291407789059,0.7933805092773165
20,0.5896019239482744,0.5507537430209596,0.7217760266707077,0.7942013472417322
21,0.5926712134928934,0.545794855086871,0.7231398696772238,0.7932708296064728
22,0.5886324947215261,0.5382992437634075,0.7292013941506289,0.7891195713695003
23,0.5889427503919508,0.5391350145104401,0.7282921654796182,0.7918061856597253
24,0.5872312778594874,0.5408852050152307,0.7242006364600697,0.7920330231607882
25,0.5874686224349684,0.5374764241419302,0.7252614032429155,0.7916167389555405
