epoch,train_loss,val_loss,val_acc,val_auroc
0,0.7561696420783147,0.6345635564566778,0.7713289892407941,0.35351529249257096
1,0.6921204908415484,0.6194202037521666,0.7764812850431884,0.35769567884649467
2,0.6625042127323685,0.6099656497118852,0.7761782088195182,0.36310824843331324
3,0.6585712015565588,0.6052786452352215,0.7749659039248371,0.3704300767280486
4,0.6459037795592879,0.6016000411531784,0.7743597514774966,0.3765284625854951
5,0.6383291532693803,0.5984882759964815,0.7737535990301561,0.38463689524788497
6,0.6330312036225102,0.5932178500204813,0.7737535990301561,0.3893774321263773
7,0.630470842804976,0.5894866702881414,0.7725412941354751,0.3912392215904644
8,0.6264490165445259,0.6001315104598294,0.7455675102288225,0.41745871722235267
9,0.625947074007493,0.591613131339739,0.7614790119715108,0.411091585518465
10,0.619993988420588,0.5951868997485118,0.7464767388998333,0.4225076024750706
11,0.615604511633626,0.5898531378896187,0.7543567207152599,0.4225353040734528
12,0.6131742776099579,0.5840903587243036,0.7622367025306864,0.42133707546964294
13,0.6138943601402482,0.5918023944316552,0.74253674799212,0.436486958598482
14,0.6098271491654372,0.5894477082339358,0.7455675102288225,0.4345959210875594
15,0.6071511028770028,0.5911965610800701,0.7399606000909229,0.4446824630324859
16,0.6081743899358549,0.5922387694387585,0.7346567661766934,0.4502032840110408
17,0.5996074159319861,0.5893745011932147,0.7370813759660555,0.4510563856621906
18,0.6018792413313979,0.5900693333569865,0.7323836944991665,0.45409367766151176
19,0.6019288014509332,0.58023611786402,0.7498105773602061,0.446233618068112
20,0.5988842695838557,0.59094942257357,0.7270798605849371,0.4651315543528221
21,0.5993761917662849,0.5717432698728027,0.7560236399454463,0.44174985886976936
22,0.595922135741336,0.576920731462553,0.7498105773602061,0.452602766878678
23,0.5958194986385439,0.5785202185915065,0.7448098196696469,0.4595922432297159
24,0.5983040374072145,0.580062185242097,0.7404152144264282,0.4646929008871773
25,0.5942210343628693,0.5734917134439463,0.749659039248371,0.4615524674997049
