epoch,train_loss,val_loss,val_acc,val_auroc
0,0.6589769045416205,0.5882155199740254,0.6350962267010153,0.7679118386601148
1,0.6125553107213217,0.5815005544496858,0.6384300651613881,0.7700005465759546
2,0.6037582015183383,0.5845199691326189,0.6247916350962267,0.7699319328151172
3,0.5992605250225095,0.5819056210761396,0.6294893165631156,0.7707502892865082
4,0.5967896297798766,0.5777701747690228,0.6373692983785422,0.7716055055954012
5,0.5946247505649097,0.5794993962893289,0.6305500833459615,0.7721625365170119
6,0.5933946742004692,0.5781766056454458,0.6303985452341264,0.7730032131274706
7,0.5921678633826049,0.578093209507285,0.6294893165631156,0.7733337359711361
8,0.5909337214650734,0.5758853004202371,0.6310046976814669,0.7734428566510221
9,0.5895095465841257,0.5756160575958035,0.6290347022276103,0.7741254444333573
10,0.5887679309563643,0.5787770189937632,0.6260039399909078,0.7739854937574606
11,0.5880567841101565,0.5763931147238218,0.627519321109259,0.7742477432345664
12,0.587148388716917,0.5793568841940274,0.6257008637672374,0.7742680696357217
13,0.586582802004291,0.5753735667883509,0.6276708592210941,0.7748354096411719
14,0.5862011671347961,0.5758259474535677,0.6284285497802697,0.7748505328726535
15,0.58546728961189,0.572598544769819,0.6326716169116533,0.7753709957232864
16,0.584970110760309,0.5734788952749559,0.6314593120169723,0.7753823259899589
17,0.5844607054285661,0.572347671918064,0.6308531595696317,0.7758952515387281
18,0.5838552150744089,0.5702119755878613,0.6340354599181695,0.7761354240155358
19,0.5835547554529281,0.5711789871819327,0.6325200787998182,0.7761941663423196
20,0.5827988708121556,0.5706388748383988,0.6325200787998182,0.7764623484054085
21,0.5826078804276599,0.5692708188429947,0.6344900742536748,0.7767537745348901
22,0.5824976513364135,0.5709589914690998,0.6331262312471586,0.776752753352057
23,0.582062170613417,0.5687852730297973,0.6349446885891802,0.7768437358797158
24,0.5816968850912764,0.5683434803317146,0.6352477648128504,0.7767050495254223
25,0.5815788077045446,0.5695428722535937,0.633580845582664,0.7766189784009132
26,0.5809317968869103,0.5709464496185354,0.6313077739051371,0.7765737545897305
27,0.5808174232708427,0.5694476730409112,0.6361569934838612,0.7767441462396062
28,0.5802703344169525,0.5702001886993561,0.6338839218063342,0.7764952693948394
