epoch,train_loss,val_loss,val_acc,val_auroc
0,0.6661067240110653,0.5650482998596644,0.7219275647825428,0.5424848208772297
1,0.6247323734649367,0.546327207391597,0.7805728140627368,0.5103631177491575
2,0.608652145189848,0.5314592273872284,0.7742082133656615,0.5666008255113562
3,0.5967071876776617,0.5187559583039334,0.79042279133202,0.561267793281991
4,0.5899943535951868,0.5079208549757331,0.798757387482952,0.5586004248993448
5,0.5799661978372463,0.5036093672399612,0.7936050916805577,0.6060050432150532
6,0.5711101168465444,0.4912515794314983,0.8073950598575542,0.5871014633763411
7,0.5692949366309387,0.4881068953855017,0.8199727231398697,0.5515245277191632
8,0.5630003376420041,0.47794986475704476,0.8163358084558267,0.5822132228867762
9,0.5576123836763448,0.4717373235927674,0.8233065616002425,0.5842061478648983
10,0.5524099993694911,0.4883686070876476,0.8373996060009092,0.5169594414429256
