epoch,train_loss,val_loss,val_acc,val_auroc
0,0.48514486324752815,0.5309132094599294,0.544931050159115,0.9157099331895063
1,0.4730890686222235,0.5191761946963585,0.6473708137596605,0.9151994884430935
2,0.4659742959829366,0.5092722416863439,0.7549628731626004,0.9146940989701213
3,0.4565366594822845,0.5017151084699889,0.7986058493711168,0.9147828879545518
4,0.451563657206249,0.49359609387393866,0.8181542657978481,0.9139040056883775
5,0.4466669959883958,0.486169828070097,0.8301257766328232,0.9129157456877599
