epoch,train_loss,val_loss,val_acc,val_auroc
0,0.6544742827058908,0.6116099732629204,0.7299590847098045,0.8006866299940933
1,0.6115759752616903,0.6296679847510336,0.6085770571298682,0.7848332043770602
2,0.6030962261466202,0.606212978417954,0.6757084406728292,0.8121509224901275
3,0.5984669775547689,0.597505491129249,0.6891953326261555,0.8160690628528762
4,0.5957572922588688,0.5878130361733608,0.7258675556902561,0.8301504524643112
5,0.5930639096256549,0.5810287621260086,0.7387482951962419,0.8324479522842757
6,0.5913757875872077,0.576107707849541,0.7467798151235036,0.8390799299897284
7,0.589972804738897,0.5763109059455919,0.7295044703742991,0.8421176467988056
8,0.5889943657609159,0.5709238365972236,0.7493559630247008,0.844713102835276
9,0.5874224422235894,0.5840647616952201,0.6779815123503561,0.8353387399808712
10,0.587068177706415,0.5666896752433933,0.7535990301560842,0.8504370761226332
11,0.5862638714194774,0.5648722098729596,0.7470828913471738,0.8516242965037779
12,0.5853276035584862,0.555691228416548,0.7787543567207152,0.8589503082150088
13,0.5852914474618554,0.570944388213709,0.7148052735262919,0.850982845715315
14,0.5844182589425533,0.5650673704556325,0.7395059857554175,0.8568209641828172
15,0.5839751484182342,0.5664933851079916,0.7323836944991665,0.8537666251833276
16,0.5835398382425414,0.5648405199647762,0.7378390665252311,0.8584885244265159
17,0.5830158792408064,0.5644202477318858,0.7337475375056827,0.856564126016279
