epoch,train_loss,val_loss,val_acc,val_auroc
0,0.7272023751277203,0.6675187070580355,0.6763145931201697,0.6539462323717681
1,0.7044883836831337,0.654285649997499,0.6799515078042128,0.6852636052352118
2,0.693226187667046,0.6457504478254577,0.68252765570541,0.7056192037186726
3,0.6799256337070162,0.6364961067173116,0.6843461130474314,0.7121473126006923
4,0.6716172669417643,0.627874722099969,0.684952265494772,0.7103152083917792
5,0.6671369583755935,0.6235566501238794,0.6867707228367934,0.7191488596278851
6,0.6565220238205375,0.6169152442641936,0.6894984088498257,0.7147291784359012
7,0.6511024235414544,0.6124997532788615,0.6872253371722988,0.7175658575411278
8,0.6487425911388608,0.6074565593212513,0.6879830277314745,0.7224037335321454
9,0.6495437932422728,0.6043599130601879,0.6919230186391877,0.7218512466955406
10,0.6428310622372652,0.6012717725508393,0.6913168661918473,0.7271561558060916
11,0.6380041619108778,0.5992488152945759,0.6943476284285498,0.730861623264078
12,0.6317312703256915,0.5945212324743362,0.6914684043036824,0.7278439488093271
13,0.6337589788823476,0.5914994245732367,0.6876799515078043,0.7252644848587328
14,0.628816244963137,0.5889888728165341,0.6919230186391877,0.7285025455706899
15,0.6320863568452222,0.5868290963182307,0.6929837854220336,0.7300744989882194
16,0.6257536724166882,0.5844015753581716,0.6887407182906501,0.7268189312061816
