epoch,train_loss,val_loss,val_acc,val_auroc
0,0.675371301049517,0.6352802501481344,0.7585997878466434,0.44078540425474133
1,0.6405768319140205,0.6204054061165902,0.759357478405819,0.42088640696480933
2,0.6314290182701402,0.61405541561177,0.759357478405819,0.4205468312722434
3,0.6299049349549432,0.6095510055881899,0.759357478405819,0.4241489612076574
4,0.6262364443332287,0.6063143329415146,0.7595090165176542,0.43180142076156475
5,0.6236164568951499,0.6034901875187942,0.7595090165176542,0.44063874929532704
