epoch,train_loss,val_loss,val_acc,val_auroc
0,0.7238677017597344,0.6628739284302072,0.6781330504621912,0.46711282289999423
1,0.6902220508405197,0.6573103505709909,0.6816184270343991,0.4875083162756688
2,0.6830568072434212,0.6530147968124017,0.681466888922564,0.49922911047202445
3,0.6845443439241575,0.6499106078676101,0.6828307319290802,0.5018440344936796
4,0.675711259090064,0.646797116587859,0.681466888922564,0.5220058750635013
5,0.6752701771947575,0.644855025826593,0.6819215032580694,0.5202928816931406
6,0.672623434379654,0.64287387820731,0.6817699651462342,0.531493390553561
7,0.6734390797028308,0.6410335477761634,0.6822245794817396,0.539789154513745
8,0.6715122259897,0.6396008136146338,0.6820730413699045,0.5421401895579461
9,0.66770095224723,0.6382070970022239,0.6813153508107289,0.5409529548551109
10,0.6661209273399739,0.6371642909170661,0.68252765570541,0.5407158480050505
11,0.6618054197907249,0.635811371159456,0.6826791938172451,0.5411925061056874
12,0.6653123560376665,0.6344674658569391,0.6810122745870586,0.5595169545745361
13,0.6654471784834609,0.6333429550723535,0.6816184270343991,0.5597228687484457
14,0.6654038237502926,0.6325115857656878,0.6808607364752235,0.5629288063035776
15,0.66190669683457,0.6315613394163652,0.6811638126988938,0.5640174678986445
16,0.661954405163613,0.6306764221422635,0.6807091983633884,0.5692907837598281
17,0.6625807443014111,0.629951275881718,0.6817699651462342,0.5696677528307221
18,0.6606369901740347,0.6291114308830824,0.6817699651462342,0.5737061681790067
19,0.6601895963645267,0.6283990461404693,0.6813153508107289,0.5703462865305029
20,0.660182071212639,0.6278724190610379,0.6826791938172451,0.5630312054295449
21,0.6545212222673907,0.6270277032275546,0.6811638126988938,0.5709855504046014
22,0.6605310217144453,0.6267405297651781,0.6828307319290802,0.5658239861583163
23,0.657876580831661,0.6258654454961512,0.6822245794817396,0.5709099334060277
