epoch,train_loss,val_loss,val_acc,val_auroc
0,0.8962718015512674,0.7390661677513579,0.4036975299287771,0.583439979674462
1,0.7826651531668355,0.6975509474757657,0.4965903924837097,0.5822407964599687
2,0.752050429081299,0.679037427952803,0.583118654341567,0.5737867214326995
3,0.7160338798803458,0.6855741692485368,0.6034247613274739,0.6803748873744063
4,0.7114125298160299,0.6861805737352783,0.6281254735565995,0.704328067278158
5,0.710739465956797,0.6686560175133069,0.6569177148052735,0.6934868001627925
6,0.6917995847902761,0.6609388369649698,0.6781330504621912,0.6993701396518154
7,0.6829297919041425,0.6618048905928869,0.6840430368237612,0.710614075121369
8,0.6757431381903809,0.6414142139826169,0.6972268525534172,0.6676860312113064
9,0.6733019383933837,0.6609383097632868,0.691013789968177,0.7204181869651509
10,0.6598481784301882,0.6499773543754263,0.6978330050007577,0.7161579695007148
11,0.6605943297776223,0.6420318723754606,0.702985300803152,0.7120685528169924
12,0.6588562951067719,0.6304312664227949,0.7084406728292165,0.694367122579775
13,0.6608079238486373,0.6386364854308832,0.7088952871647219,0.7176133783914124
14,0.652010259131154,0.626587302526898,0.7141991210789513,0.6999059198913462
