epoch,train_loss,val_loss,val_acc,val_auroc
0,0.670001065349414,0.5425703277333539,0.8233065616002425,0.8416954495970206
1,0.6334135176001764,0.5159336719608322,0.8340657675405364,0.8547198753252652
2,0.618029970984794,0.498156139861094,0.83830883467192,0.8665440063222004
3,0.6099061950500366,0.5147036006006621,0.8327019245340203,0.8644385720570318
4,0.6050154388552721,0.5088319288526345,0.8378542203364147,0.8641104272995797
5,0.6014004029674773,0.5203559703222819,0.8305803909683286,0.8655651931759897
6,0.5982329723156867,0.5342534691443098,0.7963327776935899,0.8614671618418054
7,0.5969521592096018,0.5305389425107467,0.8080012123048946,0.8636714265625671
