epoch,train_loss,val_loss,val_acc,val_auroc
0,0.7037731714638134,0.6636488004459867,0.6544931050159115,0.6976458253026644
1,0.6736068368716789,0.6361285199684019,0.6694953780875891,0.7058273794410719
2,0.6550611460510574,0.6418136663736042,0.6494923473253523,0.7233490539164331
3,0.6417892160316655,0.6014103329458061,0.6779815123503561,0.7145853143511073
4,0.6309016694045642,0.598643149583877,0.6687376875284134,0.7209287813943169
5,0.6262988592299715,0.5931657009873359,0.6726776784361267,0.7226232032710738
6,0.620106290869504,0.5850235288261302,0.6729807546597969,0.7217243953967794
7,0.6160923584444375,0.5734125626667067,0.6817699651462342,0.7138222709144418
