epoch,train_loss,val_loss,val_acc,val_auroc
0,0.6546849966290726,0.5664989854697297,0.7235944840127292,0.6261508100809022
1,0.6140337744509605,0.5440542316740256,0.7235944840127292,0.6649958086419607
2,0.6040971702471647,0.5357529856541208,0.7301106228216396,0.6784421184825167
3,0.5997626083538672,0.5335271008395123,0.725716017578421,0.6883404280595934
4,0.5967539123462405,0.5293406500818513,0.7266252462494317,0.6949969535217995
5,0.5950332479628325,0.528740849489876,0.73041369904531,0.6994847746664753
6,0.5926185382609932,0.5275591326981065,0.7254129413547508,0.7000123211811395
7,0.5913879399985467,0.5258255270795942,0.7240490983482346,0.7078123541944555
8,0.5902454213000329,0.5233163858186225,0.7299590847098045,0.7167027676293851
9,0.5891791893828198,0.5219622821695137,0.7298075465979694,0.7207593474341754
10,0.5883009041801465,0.5213899827758586,0.7308683133808153,0.7174878140871975
11,0.5877457649848981,0.5198966944140003,0.7308683133808153,0.7174368434094522
12,0.5866917975888665,0.5198202756051313,0.7343536899530232,0.7215859545984569
13,0.5859726574728659,0.5185104673026927,0.7323836944991665,0.7251948746238952
14,0.5856499808174362,0.5177815982583328,0.734050613729353,0.7270885823329358
15,0.5848572163291795,0.516417265046743,0.7311713896044856,0.7306507465635961
16,0.5842484428524475,0.5173292846494705,0.7308683133808153,0.7281775414568047
17,0.5838319851672867,0.5160557492101964,0.7311713896044856,0.7314568184259784
18,0.5836430721618749,0.5152858543945165,0.7325352326110016,0.735780553196528
19,0.5834201145127158,0.5146946855739565,0.731777542051826,0.7317863144514418
20,0.5827322287282998,0.5142097929821428,0.7326867707228368,0.7338625854052914
21,0.5821985012745384,0.5134357661076577,0.7323836944991665,0.7363316736496496
22,0.5821938519767603,0.5134368436339046,0.7308683133808153,0.7350060439461342
23,0.5818349272446767,0.5134239248803826,0.7337475375056827,0.7364870361962388
24,0.581527387501124,0.5130426690404678,0.729352932262464,0.729145984333966
25,0.581125715533699,0.5130619812705405,0.7290498560387938,0.7291368194140254
26,0.5810891588709598,0.5121701756902384,0.7302621609334747,0.7330159330417811
27,0.5809206381014219,0.5116405842574839,0.7295044703742991,0.7338352866865374
28,0.5806055006870473,0.5110706410853858,0.7313229277163207,0.7348597973092188
