epoch,train_loss,val_loss,val_acc,val_auroc
0,0.7231184438442277,0.64670041091949,0.6840430368237612,0.5871799584413562
1,0.680794903528945,0.6305363633846185,0.6908622518563419,0.6050072003269338
2,0.6680292310832504,0.6488399051828698,0.6654038490680406,0.6571914616663674
3,0.6582772297956019,0.6240138230061492,0.685103803606607,0.638267737562138
4,0.6472902831516043,0.6092483166727736,0.6972268525534172,0.6043270072803306
5,0.6417349508394344,0.6198254761722598,0.6813153508107289,0.6512912478188199
6,0.6373598600069779,0.6029965533218812,0.6934383997575391,0.6410987309694062
7,0.6327899727772214,0.5991931677695602,0.695711471435066,0.6536525442236297
