epoch,train_loss,val_loss,val_acc,val_auroc
0,0.6920952757193584,0.6775251083038741,0.6420669798454312,0.610721221195692
1,0.6552039469384952,0.6456968177717949,0.6614638581603273,0.6046108952807949
2,0.6406332210060827,0.6576925139839784,0.6426731322927717,0.6756858055822609
3,0.6290881289625045,0.6351951209500551,0.6614638581603273,0.674218055409385
4,0.6260709881800597,0.6257432480078066,0.6652523109562055,0.676619755048912
5,0.6220516896750063,0.6155019229172685,0.6729807546597969,0.6804952310360048
6,0.6195845533941963,0.6078621415879477,0.680254584027883,0.6690566367876012
7,0.6153540460878041,0.6113245964483847,0.6737384452189725,0.6926600331396564
8,0.6145677432307223,0.6012274910778977,0.6785876647976966,0.6892118775042253
9,0.6120422159673445,0.6011738263399136,0.6794968934687073,0.6956231893228237
10,0.6113273375936485,0.5968456034191378,0.6808607364752235,0.6899331890925378
11,0.6084843580606111,0.5945799761530955,0.681466888922564,0.6917353919606954
12,0.6087109681096361,0.5948677068769002,0.6817699651462342,0.7027346673131891
13,0.6079013576506124,0.5904190565243077,0.6835884224882558,0.6909876620529842
14,0.6062837561200398,0.5942620700698023,0.681466888922564,0.7095762049605318
15,0.6053483143035598,0.5914955364608244,0.6831338081527504,0.708225534753057
16,0.6051325274247222,0.587745826051784,0.6881345658433096,0.7046140805445595
17,0.604014517656148,0.5902773861018685,0.6787392029095317,0.7092273862952305
18,0.6039795233257107,0.5847180385737007,0.6884376420669799,0.7038941678896573
19,0.6026029376969914,0.5852409648360547,0.6832853462645856,0.7073341451451522
