epoch,train_loss,val_loss,val_acc,val_auroc
0,0.6613791493577655,0.5407592650886232,0.8407334444612821,0.9169258721934369
1,0.6163132571352059,0.524988185132809,0.8137596605546294,0.9212230282095567
2,0.6062009785825025,0.5301912414393546,0.7663282315502349,0.9215680829015545
3,0.6015153962881252,0.5269112538561566,0.7502651916957115,0.9214980771445019
4,0.5988086209361919,0.511835247698219,0.798757387482952,0.9220588601036269
5,0.5962362819963675,0.5225656274991209,0.7431429004394605,0.921163016695452
6,0.5942871887851015,0.5156041154140305,0.7560236399454463,0.9215672538860104
7,0.593028706868808,0.5053670264352612,0.7857251098651311,0.9216762233736328
8,0.5915473837316771,0.5005924532965903,0.7911804818911956,0.921734070236039
9,0.5907980035666502,0.4953866557725218,0.8005758448249735,0.9218537248128957
