epoch,train_loss,val_loss,val_acc,val_auroc
0,0.7285829434920159,0.6159566181828567,0.6579784815881194,0.7633924665838719
1,0.695858382182741,0.5818557554274766,0.722230641006213,0.8096486612276036
2,0.6788206316066666,0.579842631176288,0.7505682679193817,0.8163026944156255
3,0.6717198279919562,0.5784282797050216,0.7663282315502349,0.8092778620603155
4,0.6650027089807345,0.5640441806664303,0.7719351416881346,0.8229620688061068
5,0.6526249030981967,0.5735850755437466,0.7825428095165934,0.8113967999566809
6,0.6485478656758152,0.557400709933486,0.7887558721018336,0.8252216737155191
7,0.6423123066170129,0.5477244490871901,0.787998181542658,0.8318451331239458
8,0.6364360210202695,0.5523196164180445,0.7925443248977118,0.8328121670381872
9,0.6299314950098622,0.5559356916057357,0.7926958630095469,0.8241169657034022
10,0.6276588550919191,0.5504817138893855,0.7943627822397333,0.8287353561265156
11,0.6222637984953414,0.5699156258102257,0.779663585391726,0.8255583076050066
12,0.6215446325945856,0.5232401242453432,0.797545082588271,0.8452543139879278
13,0.6149744682645125,0.5522999827799282,0.7893620245491741,0.8380867886462243
14,0.6117259274078461,0.5504942777066867,0.7896651007728444,0.836459287420971
15,0.6082586438997759,0.5143533953212756,0.8026973783906652,0.846809386666038
16,0.6050260972963437,0.520835827906794,0.8010304591604789,0.8459716927320415
17,0.6037102537744785,0.5116453082620384,0.8052735262918624,0.8481103378236884
18,0.6008870531111201,0.539944930408268,0.7890589483255038,0.8434391339590154
19,0.5994023955391592,0.5324630448268677,0.7943627822397333,0.8459415794009344
20,0.5990062189769364,0.5592128466360315,0.7610243976360055,0.839457543794637
21,0.5929876152310654,0.530609659217202,0.794059706016063,0.8438817170455637
22,0.5930537216054097,0.5272699336713689,0.7970904682527655,0.8453588357946761
