epoch,train_loss,val_loss,val_acc,val_auroc
0,0.6619309054363572,0.6032620398343232,0.6676769207455675,0.6795361641737427
1,0.6172804341421775,0.5664441981158811,0.6713138354296105,0.7020118320128533
2,0.6040527731895923,0.5533264109285913,0.675405364449159,0.7030748528523549
3,0.5987946916341622,0.54211259296508,0.6911653280800121,0.7039433915805098
4,0.5957211309739747,0.5397069936521958,0.6960145476587362,0.7023616284142005
5,0.5940577795280276,0.5353770931664155,0.6979845431125928,0.7027919809961433
6,0.5921684602058369,0.5378301371623393,0.681466888922564,0.7048891556824057
7,0.5908746704356572,0.5321170802838261,0.692226094862858,0.7039908247373844
8,0.5898207443319659,0.533676159022378,0.6843461130474314,0.7044118633964558
9,0.588484253907408,0.5314238077583665,0.6904076375208364,0.7041083282014234
10,0.5879014981366187,0.532279807557697,0.6841945749355963,0.7052857067429347
11,0.5871151302547979,0.5330853983206647,0.6805576602515533,0.7039681875870945
12,0.5868943197962861,0.5374497414935916,0.6661615396272162,0.7042574126489733
13,0.5860080144387876,0.5293872473113084,0.6894984088498257,0.7024471808050783
14,0.5853107554881938,0.5309070414314669,0.6810122745870586,0.7024617376646651
15,0.5850340083923825,0.5319634588004278,0.6779815123503561,0.7033028280770732
