epoch,train_loss,val_loss,val_acc,val_auroc
0,0.7172366096713648,0.6427972547609456,0.7296560084861342,0.6747793108416285
1,0.6800552707654921,0.629844201913583,0.7270798605849371,0.6792137620884091
2,0.6656969296587184,0.6212949618405872,0.7246552507955751,0.6807671314204603
3,0.6554331872513446,0.6069468339115657,0.7413244430974391,0.6792142455522535
4,0.6488356622697223,0.6034468390540944,0.7295044703742991,0.6813055288441782
5,0.6434140874411342,0.5989638743463439,0.731777542051826,0.6817199177918079
6,0.6385049858785503,0.5895998082317752,0.7360206091832096,0.6822060406873501
7,0.6336405048010512,0.5843117579960032,0.735414456735869,0.6832170844519477
8,0.6312705705356988,0.5829556045035085,0.729352932262464,0.6834271494923388
9,0.6261708313794836,0.5813254286871117,0.7242006364600697,0.6835883846844456
10,0.6237762500831875,0.5704873575371564,0.7404152144264282,0.6822578317516814
11,0.6216215225562379,0.5672558597912118,0.7414759812092742,0.6822679240594332
12,0.6194375064864739,0.5694063512967164,0.7355659948477042,0.6835527292259213
13,0.6172319892446712,0.5620112632292475,0.7407182906500985,0.6825062717347214
14,0.6146070636986133,0.5595329459245719,0.7405667525382634,0.6824226324896406
