epoch,train_loss,val_loss,val_acc,val_auroc
0,0.7524837885666732,0.6874854140867698,0.7010153053492953,0.5797959528394312
1,0.7162174868265739,0.6750715879766052,0.7119260494014245,0.5840174318435187
2,0.6919735091204787,0.6837525648824336,0.7104106682830732,0.6026968200881244
3,0.680490424080606,0.6636646477123664,0.7190483406576754,0.5907476098780445
4,0.6712222715492844,0.6475143721653198,0.7229883315653887,0.5789166871775567
5,0.6746674255722128,0.6464265978576595,0.7238975602363995,0.5795801782758304
6,0.6638546349930391,0.6429690173005025,0.7261706319139264,0.587047927917493
7,0.6591071856710148,0.6366949646486298,0.729352932262464,0.5861928409754497
