epoch,train_loss,val_loss,val_acc,val_auroc
0,0.6593782216959326,0.5534188076481167,0.8064858311865434,0.902992887322183
1,0.6157839303537248,0.5401184676289288,0.734050613729353,0.9144335685598022
2,0.6048017647948793,0.5359488907935566,0.7032883770268222,0.9195782743833301
3,0.6006905265850749,0.5210583474820699,0.7420821336566147,0.9238250257727031
