epoch,train_loss,val_loss,val_acc,val_auroc
0,0.6902976286924927,0.6328941526729458,0.6932868616457039,0.6783664917011014
1,0.6506437269125213,0.6120819320713395,0.6911653280800121,0.6799995117015171
2,0.6356980412465343,0.5986956813007002,0.698287619336263,0.6792053014711322
3,0.6268066818921164,0.5837448739810394,0.7066222154871951,0.6788478403911803
4,0.6202934759267865,0.5757078577450034,0.7131383542961055,0.6779443068989807
5,0.6152785822328379,0.5750579290596676,0.6970753144415821,0.6769649904491718
6,0.6105201267591539,0.5684319010718806,0.7063191392635247,0.676397464328829
