epoch,train_loss,val_loss,val_acc,val_auroc
0,0.6641194084221974,0.5089984875878596,0.8205788755872102,0.8807287338514721
1,0.6162767994131061,0.5064058993183893,0.8340657675405364,0.8820572547636281
2,0.6053152756737332,0.5181720107590579,0.8278527049552963,0.8805286770504532
3,0.6011320379825404,0.5121597888921676,0.8378542203364147,0.8808084432632095
4,0.5980709831263801,0.5009867562220157,0.8417942112441279,0.8833155576737679
5,0.5959611751956385,0.5107117069184843,0.8393696014547659,0.8835609520823877
6,0.5944813394130618,0.5058931066585609,0.8401272920139415,0.8852722624700997
7,0.5929658915655288,0.5092920984602604,0.8399757539021063,0.8850041992576796
8,0.5916261482393859,0.5063531109375888,0.8404303682376117,0.8884092194577953
9,0.5910607311604555,0.49802169071433944,0.8434611304743143,0.8894269197389807
10,0.5897021693807817,0.5038045613508113,0.8398242157902712,0.8892439106156167
11,0.5888754773133799,0.5020968660764178,0.8387634490074254,0.8907852510496301
12,0.5882308792633174,0.4837832137985218,0.8460372783755115,0.8926643658752305
13,0.587278642101196,0.5098296487885978,0.8211850280345507,0.892192790251456
14,0.5868710608249874,0.49764141412842794,0.8369449916654038,0.8931264500892838
15,0.5864726888131395,0.5017055170990189,0.8327019245340203,0.8947580971400633
16,0.5857861069267025,0.5003177430669834,0.8313380815275042,0.8947226656154239
17,0.585085284202244,0.5081934656477604,0.8183058039096833,0.8942773065553942
18,0.584663909690384,0.5048481709560783,0.8249734808304289,0.8940177211069968
19,0.5842624287587007,0.5022931018730495,0.8236096378239127,0.8945731989497157
20,0.5839162672172116,0.5147755069793364,0.7926958630095469,0.8946039769191032
