epoch,train_loss,val_loss,val_acc,val_auroc
0,0.6708992611700481,0.650231578888758,0.6597969389301409,0.725177377953622
1,0.6290131080362994,0.603848769061763,0.6663130777390514,0.7235164233199055
2,0.6141620530258504,0.573041260070847,0.6835884224882558,0.7187996671883186
3,0.6076839777510936,0.5771187997474907,0.6699499924230944,0.725329844038086
4,0.6031234600055556,0.5660357532365374,0.6785876647976966,0.7246006205369637
5,0.5996655733257147,0.5645325740624023,0.6773753599030156,0.7283011902155978
6,0.5971772241217693,0.5629931948621772,0.671768449765116,0.7284341079699467
7,0.5953026052583819,0.5585730873936865,0.6766176693438399,0.7294695160399766
8,0.5935521468107579,0.5556080265105864,0.6779815123503561,0.730342003208322
9,0.5915836783612414,0.5589001917589757,0.6691923018639188,0.7324685239213841
10,0.5906011046696538,0.5537532697140872,0.6749507501136536,0.731330092339995
11,0.5890743396164155,0.5558392437574882,0.6693438399757539,0.733644745310851
12,0.587892005334049,0.5497144088363589,0.6784361266858615,0.7324744592082437
13,0.586927066548823,0.5526420696158538,0.6755569025609941,0.7339152092542558
14,0.5863203242499538,0.5454307425508067,0.6832853462645856,0.7336438196239097
15,0.5858090615016003,0.5532798402904471,0.6697984543112593,0.7350507548704747
16,0.5846094497071892,0.5513171713213827,0.6722230641006213,0.7359738281075583
17,0.5835260889742468,0.547029444657956,0.6776784361266859,0.7362966205892378
18,0.5834050788419621,0.5461296801820706,0.6787392029095317,0.7361242250094474
19,0.5825986293142972,0.5483671287493844,0.6746476738899834,0.736651757661693
20,0.5823378676528721,0.5461918460471935,0.6770722836793454,0.7362302978424959
21,0.5815490784499634,0.5466757189199625,0.6747992120018185,0.7381999418450792
22,0.5809694012508496,0.5445946261167056,0.6755569025609941,0.7375099783607064
23,0.5809430103675891,0.5458597274851954,0.674344597666313,0.7362879626937272
24,0.5798792905218894,0.5466240462181622,0.6729807546597969,0.7370031919863826
25,0.5798850888965207,0.5438593150377454,0.6752538263373238,0.7361981166082394
26,0.5791873720952995,0.5460058502183391,0.6734353689953023,0.7366741375048055
