epoch,train_loss,val_loss,val_acc,val_auroc
0,0.9924073727370428,0.745817098604547,0.4158205788755872,0.44115524210178997
1,0.838851792755624,0.6439156379821103,0.6617669343839976,0.6380656676800887
2,0.7661652181668432,0.6234517196467978,0.702985300803152,0.7043022008048456
3,0.7520571826244596,0.6480470770939785,0.7408698287619336,0.6421695294363724
4,0.7399823910125296,0.6471928878162174,0.7555690256099409,0.6242685188867678
5,0.7076674418966776,0.6370777431302476,0.7693589937869374,0.6460396910094155
6,0.7003516781183784,0.6319019880091029,0.7834520381876042,0.6614981502839938
7,0.6886433925768122,0.6284545098385823,0.7939081679042279,0.6628133064658678
