epoch,train_loss,val_loss,val_acc,val_auroc
0,0.7092358225727645,0.6742342714649888,0.6579784815881194,0.645385229486902
1,0.6701865374888412,0.6517657011020254,0.671768449765116,0.6523523145505717
2,0.6506949334745065,0.6707439489085705,0.6220639490831944,0.671589432974473
3,0.6383409166827421,0.660019295489107,0.6364600697075314,0.676281761105316
4,0.6275164092069395,0.6292634499508389,0.6611607819366571,0.6712744051250763
5,0.6218938396941317,0.6211833916282741,0.6696469161994242,0.6744187791532996
6,0.6138555216399046,0.6084999076379648,0.6819215032580694,0.6719958570332027
7,0.608875156686349,0.5934608969332179,0.7035914532504925,0.6631943282686138
8,0.6053379307661766,0.5982226507467544,0.68252765570541,0.6686482709756145
