epoch,train_loss,val_loss,val_acc,val_auroc
0,0.7368798990071876,0.6714626820381165,0.710107592059403,0.6772586394838406
1,0.7045184868287816,0.6696561676640459,0.6951053189877254,0.676847302831217
2,0.6878709553552227,0.6588281595918297,0.723291407789059,0.6757673157941255
3,0.6905730788970394,0.6596398467023294,0.7081375966055463,0.6760780720619863
4,0.6762165639559091,0.6555403217905885,0.7132898924079406,0.6753879150340276
5,0.6669713721020255,0.6473838134432656,0.7263221700257615,0.6738318946469081
