epoch,train_loss,val_loss,val_acc,val_auroc
0,0.7728808670445705,0.6824553851413626,0.6461585088649795,0.7091532401701022
1,0.741817273024556,0.6774284199776659,0.6661615396272162,0.7095916306507661
2,0.7206128344407207,0.6736351275628292,0.6738899833308077,0.7089884234229974
3,0.7157172027059099,0.6707023415967973,0.6734353689953023,0.7090949212063514
4,0.7070627637226702,0.6698869478884999,0.6746476738899834,0.709530842325487
5,0.702609269587194,0.666435413964681,0.6740415214426428,0.7091759372803188
6,0.7014496263310229,0.6645854147009135,0.6769207455675103,0.7081202064176079
