epoch,train_loss,val_loss,val_acc,val_auroc
0,0.6662479585588373,0.6039299604332362,0.6840430368237612,0.6973503440729671
1,0.6173970286875319,0.5821763703562596,0.6837399606000909,0.7042743062221665
2,0.6046920106520212,0.569967825713709,0.6879830277314745,0.7067699865833182
3,0.6000950578734713,0.5686117184669759,0.688589180178815,0.706860762808825
4,0.596907609896624,0.5658007322757383,0.6884376420669799,0.7080899594614238
5,0.5944801403177337,0.5660778137567748,0.6873768752841339,0.7095992529272003
6,0.5929504529435462,0.5613142471093809,0.6913168661918473,0.7108080304777293
