epoch,train_loss,val_loss,val_acc,val_auroc
0,0.7060834417597491,0.6580904749491518,0.7082891347173814,0.5933264394513367
1,0.6685655514640074,0.6415950233493001,0.7204121836641916,0.6437852677644224
2,0.6498101705275696,0.6291136842078198,0.7284437035914533,0.6584957100942228
3,0.6375097330997778,0.614745042815066,0.7278375511441127,0.6905703980412403
4,0.6256283224035455,0.6030851266730607,0.7308683133808153,0.6945944456958092
5,0.6188905692169171,0.6254885171033845,0.719806031216851,0.7527279100811567
6,0.6135730237504861,0.5917551751967036,0.7285952417032884,0.7262695907647334
7,0.6079979424657994,0.5981738302523051,0.725716017578421,0.7498490561622236
8,0.6049414710179118,0.574736553388105,0.7246552507955751,0.6938178357500924
9,0.6008487806426411,0.5741659396524628,0.7346567661766934,0.7178019144905109
10,0.5983231845796605,0.5728981433122117,0.7116229731777542,0.6696476124448709
