epoch,train_loss,val_loss,val_acc,val_auroc
0,0.6875449927363689,0.6797163018603671,0.6519169571147143,0.6771966021585372
1,0.6627007925631441,0.661637834715724,0.6628277011668434,0.6526753167875603
2,0.6504691259429968,0.6752885707780654,0.6508561903318685,0.6898088924335611
3,0.6437516370078329,0.6625763600767517,0.6525231095620548,0.686792173279827
4,0.6383596379877239,0.666952492450472,0.6491892711016821,0.6902297346854928
5,0.6307714845505894,0.6673324661266444,0.6428246704046068,0.6924606714771931
6,0.6267980204637998,0.6495060545691108,0.6494923473253523,0.6854323431719
7,0.6217814920923713,0.6496231002796056,0.6497954235490225,0.6880270116627419
8,0.6189687781070901,0.6468988040809036,0.6494923473253523,0.6873636465849783
9,0.6152134028812812,0.6509183041705093,0.6378239127140476,0.692032210982249
10,0.6113540509249662,0.6447296628158623,0.6432792847401121,0.6818005953788262
