epoch,train_loss,val_loss,val_acc,val_auroc
0,0.7041359595284893,0.6454958094125589,0.6999545385664495,0.7571408884135038
1,0.6716470888373093,0.6277667914290991,0.6943476284285498,0.7647240462492733
2,0.6550503427430633,0.6135482695594414,0.6914684043036824,0.7690160290692822
3,0.6482203175198185,0.6052339348328405,0.6901045612971662,0.7706399529127733
4,0.638104329950648,0.5961663260173031,0.6887407182906501,0.7722624665513995
5,0.6334330826514525,0.5919362030746106,0.6787392029095317,0.7727351283198897
6,0.6290517765512104,0.5859710351140739,0.6805576602515533,0.7725655633418316
7,0.622783996342059,0.5818016582916209,0.6828307319290802,0.7739107042718704
8,0.6209019424427926,0.5793531695032214,0.6729807546597969,0.7733206064775671
9,0.6174105845774497,0.5777174973780503,0.6676769207455675,0.7733626208569884
10,0.616147385291718,0.5769565846454304,0.6632823155023488,0.7732531111550704
11,0.6124314144445668,0.5738226446460135,0.6678284588574026,0.7738967481064838
12,0.6108549266651664,0.5738745878855195,0.6582815578117897,0.7735589310997244
