epoch,train_loss,val_loss,val_acc,val_auroc
0,0.6718899486612514,0.6826608365621507,0.641915441733596,0.7296542898309483
1,0.6263621910603389,0.6433999723043382,0.6534323382330656,0.7299303187728765
2,0.6080198587652059,0.62450406970102,0.6566146385816033,0.730634681987811
3,0.6004339439794139,0.5976016141010209,0.6744961357781482,0.7301941543390519
4,0.5954470013093243,0.5924892364839547,0.6725261403242916,0.7300607543336823
5,0.5925885913486089,0.5850597820348461,0.675405364449159,0.7294500228206299
6,0.5904748974710171,0.5807567364628666,0.6763145931201697,0.729601768822545
7,0.5896915903734294,0.5742473980932096,0.6822245794817396,0.7299703108080293
