epoch,train_loss,val_loss,val_acc,val_auroc
0,0.6899093807206854,0.7039173887541554,0.6150931959387786,0.7228292431599567
1,0.6409718183012221,0.6605176745011673,0.6576754053644491,0.7213963458201491
2,0.6206984209838341,0.6520436809069823,0.6663130777390514,0.7494184322703257
3,0.6062732865789594,0.6412585935261705,0.6704046067585998,0.7565969174237012
4,0.5927828876897824,0.6227883831590102,0.6793453553568722,0.7544060621084199
5,0.5838058630321747,0.614822621236409,0.6799515078042128,0.7570900226988826
6,0.5780570022436817,0.6140056436107744,0.6781330504621912,0.7611199735584753
7,0.5692295107828486,0.6081735559224468,0.6810122745870586,0.7601436785799346
8,0.5632730781789429,0.5987511600286857,0.6834368843764207,0.7581638208003422
9,0.5587647670614916,0.5931220368953126,0.6829822700409153,0.7575734068252187
10,0.554199578759835,0.5834437793882566,0.6882861039551447,0.7558283147902418
11,0.5517553928808457,0.581963368158735,0.6869222609486286,0.756903716881261
