epoch,train_loss,val_loss,val_acc,val_auroc
0,0.7007534500775436,0.647030586003354,0.6907107137445068,0.7629691304918416
1,0.6683887190521802,0.6289180126094803,0.6972268525534172,0.7652418378804007
2,0.6553120587626846,0.6174661029665953,0.6737384452189725,0.7648972717595766
3,0.6447032244932762,0.6051017505722636,0.6879830277314745,0.7684500114223498
4,0.6374158151566323,0.6013278975633441,0.6673738445218973,0.768317609375076
5,0.6289822386961884,0.5911454988223239,0.681466888922564,0.7693470304320564
6,0.6227926866432666,0.5869912640183852,0.6788907410213669,0.7699803146735881
7,0.61839247632341,0.5804087694783449,0.6890437945143204,0.7697303839367735
8,0.6160776326468107,0.5806167285755595,0.6767692074556751,0.7704257377136831
9,0.612060639140714,0.5766044798213833,0.6816184270343991,0.7709470829262602
10,0.6091652965975596,0.5769902399984846,0.6688892256402486,0.7706707592703307
11,0.6070426945741257,0.573876043470868,0.6749507501136536,0.7713537185824622
12,0.6051790416376178,0.5750140892337499,0.662221548719503,0.7709215163047969
13,0.6030914946783129,0.5761815715800779,0.6504015759963631,0.7711771825194301
14,0.6021361771470255,0.5782519573333643,0.6397939081679043,0.7716049130686264
15,0.6007366407042218,0.5712499177750358,0.6617669343839976,0.771835984776681
16,0.6003102332394238,0.5751434074132474,0.6402485225034096,0.7722869002658734
17,0.5987848137017181,0.5733704535884195,0.6457038945294742,0.7725312413421018
18,0.5979574366417197,0.5719300160391401,0.6473708137596605,0.7727666389613924
19,0.597562674013552,0.5697805454088244,0.6535838763449008,0.7725659458434799
20,0.5967428364398208,0.5703842213956275,0.6475223518714956,0.7726795860734821
21,0.5963958349439624,0.5728837435381722,0.637066222154872,0.772542420663274
22,0.5956342350191953,0.5737746276716732,0.6352477648128504,0.7719698449962817
23,0.5948729398196747,0.5695565101287097,0.6458554326413093,0.772692417989958
