epoch,train_loss,val_loss,val_acc,val_auroc
0,0.644297984310065,0.554592426807018,0.7605697833005001,0.8366557701712212
1,0.6108632531923084,0.5476720769182446,0.757993635399303,0.8444482926491559
2,0.6026558510999167,0.5431459487288409,0.7698136081224428,0.8468686108754316
3,0.5988244640085387,0.5505650429711918,0.7248067889074102,0.8501382499764321
4,0.5967072608409055,0.5548336747596256,0.6972268525534172,0.8527696210567869
5,0.5946016028440397,0.5506640586153561,0.712532201848765,0.8566994850402422
6,0.59291394210004,0.5455201795415854,0.729352932262464,0.8605322232827801
7,0.592022472586992,0.5455934767615418,0.7299590847098045,0.8626740069790599
8,0.5909168579002428,0.5474223370876506,0.7108652826185786,0.8646601133029307
9,0.5901251335401847,0.5440335066359339,0.7234429459008941,0.866436639769741
10,0.5892899547382324,0.5439331082434957,0.7208667979996969,0.8691856204558042
11,0.5883125713067145,0.5585430380538985,0.6566146385816033,0.8680914598578853
12,0.5881404418222268,0.5483565685297074,0.6979845431125928,0.8707515083489472
13,0.5870134790695604,0.5564393530399226,0.6623730868313381,0.8699854118057765
