epoch,train_loss,val_loss,val_acc,val_auroc
0,0.643898893499447,0.6384182424324175,0.679042279133202,0.7168294601264705
1,0.6063137639697791,0.649515038964459,0.6834368843764207,0.7158654519176564
2,0.5976995366026303,0.6463884242936904,0.6831338081527504,0.7159789006500685
3,0.5942951699508423,0.6412337352731297,0.6866191847249583,0.715688296074596
4,0.5921476645967931,0.6343945732873973,0.6869222609486286,0.71553539900904
5,0.5909762086921169,0.6271833595244664,0.6828307319290802,0.715730415098841
