epoch,train_loss,val_loss,val_acc,val_auroc
0,0.6508059413200923,0.5901903562029847,0.6805576602515533,0.3401700214650466
1,0.6127888867415938,0.5574437647375994,0.6904076375208364,0.38426495556158163
2,0.6036496928617568,0.5510587974070852,0.6866191847249583,0.4226043494217724
3,0.5993502308000512,0.5477770143321905,0.6863161085012881,0.452295540258125
4,0.596638873658982,0.545802974686476,0.6882861039551447,0.4836981084404136
5,0.5944605741688568,0.5461690688534278,0.6884376420669799,0.5185761954702326
6,0.5928734777092457,0.5423927463208352,0.6893468707379906,0.5352791272841325
7,0.5910809691631683,0.5449287367148875,0.6835884224882558,0.5648476918268378
8,0.5901695030279368,0.5388610303392914,0.6867707228367934,0.5700312119855767
9,0.5888867589140827,0.5381646963444094,0.6901045612971662,0.5944908558465842
10,0.5881852450028254,0.5325193594469954,0.6911653280800121,0.6010707475303216
11,0.5875542546671051,0.5328974960102857,0.6916199424155175,0.6172784368305786
12,0.5870920829709307,0.5353253638135572,0.6888922564024852,0.6372997929728381
13,0.5864063296891817,0.5312066515353001,0.6908622518563419,0.6337375862658552
14,0.5859837800649572,0.5335281829903353,0.6890437945143204,0.6410513843375947
15,0.5852335403349361,0.535161185578914,0.6843461130474314,0.6568805221309967
16,0.5848485640559448,0.5302209185007613,0.691013789968177,0.6566254137003845
17,0.5843531355673026,0.5316423582911474,0.6902560994090013,0.6614502573954218
18,0.5840054559113378,0.5309937117695538,0.6901045612971662,0.662881478311155
19,0.5833681785904374,0.5306118304557124,0.6905591756326717,0.667234058309565
20,0.583285543766772,0.530970658257362,0.687528413395969,0.6771628675385548
