epoch,train_loss,val_loss,val_acc,val_auroc
0,0.703315736182008,0.6538665211910659,0.6835884224882558,0.6487251163367965
1,0.6597616433699866,0.6247523470094013,0.714956811638127,0.6625616049755707
2,0.6412174723187727,0.6054067367458907,0.7154114259736324,0.6661402192783583
3,0.6303811551386849,0.5893229626041233,0.7204121836641916,0.6660963349273448
4,0.619833028412241,0.5757248576869927,0.7254129413547508,0.6651434882298461
5,0.6128023265708412,0.5675020710701906,0.7320806182754963,0.6652396011394602
6,0.6052253002704211,0.5607698304415797,0.7322321563873314,0.6648300550692978
7,0.5994557944874562,0.5551734019055622,0.740112138202758,0.6649079961490556
