epoch,train_loss,val_loss,val_acc,val_auroc
0,0.7532070578634965,0.6795375365563496,0.6591907864828004,0.4187560889802987
1,0.7278581098239157,0.6794690049621332,0.6887407182906501,0.4591738176307347
2,0.7097902389561919,0.6691625912743349,0.7258675556902561,0.44182748135172906
3,0.6926093850917646,0.6708334830154487,0.71859372632217,0.4639256824578323
4,0.688153422146173,0.6590940565354066,0.7399606000909229,0.4200026693105552
5,0.6882013915650572,0.6557923935637147,0.7414759812092742,0.41779218494754866
6,0.6842035856061243,0.6532389083980231,0.7429913623276254,0.42222994449802204
7,0.6770819375904822,0.6523000523797995,0.7457190483406577,0.4428634075655888
8,0.673977071696257,0.6500819923480653,0.7475375056826792,0.43466856265622233
