epoch,train_loss,val_loss,val_acc,val_auroc
0,0.6553807630057374,0.5758237172517113,0.7107137445067434,0.657030927042082
1,0.6145614704454399,0.5638474269172679,0.6843461130474314,0.6838176335180204
2,0.604339956673222,0.5530927576861936,0.7152598878617973,0.7254993343111071
3,0.5994727203251621,0.5526191906814124,0.6990453098954387,0.7207433161994219
4,0.5961720046750159,0.5491184547356104,0.709046825276557,0.7253157842963129
5,0.5942022425936513,0.5481065385069589,0.7052583724806789,0.7259222385699893
6,0.5920962395784474,0.5468136191566815,0.7048037581451735,0.7301455316321563
7,0.5905545273337404,0.5446514043505941,0.7104106682830732,0.7387220377327421
8,0.5894720801698387,0.5425968670198313,0.716169116532808,0.7446682078619125
9,0.5884624278241022,0.542615732978304,0.7164721927564782,0.7469054018300694
10,0.5871453742526448,0.5419394742685623,0.7107137445067434,0.7484957982072685
11,0.5868821174272137,0.5412402267906951,0.7164721927564782,0.7516936945955802
12,0.5861168715992003,0.5423253558407879,0.7084406728292165,0.7507248268812693
13,0.5852957113916676,0.5406864615421726,0.7102591301712381,0.7552666147308864
14,0.5848113770444727,0.5415391848292888,0.7061676011516896,0.7539116107390722
15,0.5844472187731432,0.5403940946807607,0.7079860584937112,0.7555654934862212
16,0.5840191400874134,0.5393480872327513,0.7134414305197757,0.757801093047827
17,0.5838763963538358,0.5378466908327285,0.7157145021973026,0.7604451505786535
18,0.5834999425939933,0.5386769895500118,0.7143506591907864,0.7592290532181984
19,0.582896973624063,0.5370750872361549,0.7178360357629944,0.7628109116932617
20,0.5827478633317514,0.5378647844869814,0.7155629640854675,0.7618967852705437
21,0.5821405788103113,0.5374257249134131,0.7131383542961055,0.7623475191710478
22,0.5819783102978084,0.5380269383134074,0.7105622063949083,0.7614861531105712
23,0.5815132823089734,0.5379722029860408,0.711471435065919,0.7611795922145804
24,0.58121464002148,0.5393517175250423,0.7057129868161842,0.7605965225703225
